,a0,a2,a0_err,a2_err,Chi2,Pval,Chi2NDF
3.9960199999999997,8.232463614673826e-06,1.1004601543332143e-06,2.419119907539701e-07,3.976018346421162e-07,20.251180112153524,0.001121088480734955,4.050236022430704
4.00097,1.2579791566090179e-05,4.4181653060124027e-07,3.6988757045488466e-07,5.838214067315716e-07,19.05867788999898,0.0018743573653255043,3.8117355779997957
4.00294,1.5033823467635599e-05,9.753937478560465e-07,4.190900470805193e-07,6.67046806413698e-07,25.817807823122536,9.679666846156082e-05,5.163561564624507
4.00697,2.164634269580537e-05,9.85767972365583e-08,5.680817274915621e-07,8.941993845015966e-07,5.101935984263667,0.40356697980587436,1.0203871968527334
4.0090900000000005,2.291809715931354e-05,-1.3039945700578559e-06,6.294150575314751e-07,9.637610674549985e-07,8.531182971741208,0.12928933497154482,1.7062365943482416
4.01003,2.332966121507418e-05,2.1799778887820491e-07,6.367314348690941e-07,9.977959182812003e-07,3.3724344072877623,0.6427715635668559,0.6744868814575524
4.01507,2.6486100188939674e-05,-3.7250284655220765e-08,6.626305419054738e-07,1.0414021460298618e-06,8.187646235738463,0.14619279161235238,1.6375292471476925
4.0191099999999995,2.611292385641881e-05,-6.75943590799537e-07,6.40261539502488e-07,1.0023351143071564e-06,2.3157211184062376,0.8039551251047989,0.4631442236812475
4.01992,2.3921414399752825e-05,-6.007675787802547e-07,6.353748633577984e-07,9.966152689518118e-07,6.467056067557067,0.2633859508200377,1.2934112135114133
4.02504,2.352764275135444e-05,-1.1429050771219797e-06,6.278274134281646e-07,9.63014912505626e-07,6.990981332083674,0.22131190232203007,1.398196266416735
4.02998,2.0340409510727342e-05,-8.041388087858677e-07,5.346581290196728e-07,8.315236382810692e-07,4.5162529316532085,0.47771180120920886,0.9032505863306417
4.03514,1.555666777143936e-05,-5.224024583373687e-07,4.3238197312401126e-07,6.791518266257817e-07,19.857298179792583,0.0013291723545397832,3.9714596359585164
4.26996,8.8728048924174e-06,1.7286355611652887e-07,2.872902421994668e-07,4.458515390167334e-07,2.2246250552554248,0.8172711692407081,0.44492501105108495
4.29005,1.2639025572212432e-05,8.671887197267663e-08,3.8218396245370216e-07,5.921844921901934e-07,2.4967026242362467,0.7769915804084703,0.49934052484724933
4.291119999999999,1.7395221807999013e-05,2.940764516264534e-06,5.088744841288848e-07,8.445575641455212e-07,6.358603966140532,0.2728718900145052,1.2717207932281063
4.29319,2.047098896326159e-05,3.3570082107093987e-06,5.77585537456448e-07,9.601768218108604e-07,11.935645816501479,0.03568030128785405,2.387129163300296
4.2942,2.411279235909329e-05,4.234192414324861e-06,6.649533062229612e-07,1.1141466478167784e-06,21.415340210358405,0.00067599634053721,4.283068042071681
4.29515,2.899253743242856e-05,5.754278030059739e-06,7.637727717238079e-07,1.2856996912198526e-06,8.052111486530038,0.1533869496957424,1.6104222973060076
4.29615,3.219884891208222e-05,7.134423241227892e-06,8.580891020384509e-07,1.443391025249541e-06,16.183305331977802,0.006339756479484267,3.2366610663955604
4.297219999999999,4.9294511555513626e-05,9.875413939980924e-06,1.245399591799416e-06,2.1211159865461813e-06,8.507419862220665,0.1303994196801557,1.701483972444133
4.298080000000001,0.00014141344293433847,4.354790454555857e-05,3.4063051308813747e-06,6.069110767022255e-06,12.801183106519886,0.025314867006655563,2.5602366213039773
4.2990900000000005,0.00022177858694351119,6.816074251671719e-05,5.293721440234037e-06,9.463075683590624e-06,20.1707332672711,0.0011608026472522653,4.03414665345422
4.30105,0.0003313021834590238,8.727728984228168e-05,7.808752697882997e-06,1.3674631461892932e-05,15.01364310619683,0.010304201832524333,3.002728621239366
4.3031,0.00033651451173518764,9.683380255421006e-05,7.713889314590694e-06,1.3734107827790353e-05,14.343710752106578,0.013567401741652722,2.8687421504213155
4.30523,0.00031266170560098855,7.819302310992608e-05,7.346665955633374e-06,1.2951765374454143e-05,17.707978273140647,0.0033355591482927753,3.5415956546281295
4.30725,0.00029800710233571004,8.163732931508466e-05,7.140968915851101e-06,1.2595067702184354e-05,16.728446431756243,0.005044666727218255,3.3456892863512486
4.3093,0.00029887520002858933,7.491819598274557e-05,7.168012646553389e-06,1.2541519377039329e-05,15.737870801503627,0.00763371067716154,3.1475741603007252
4.30996,0.0003032651344056436,7.266841596667212e-05,7.1451683689988e-06,1.2507091477438813e-05,15.317798363385938,0.009087336112452144,3.0635596726771874
4.31117,0.00029288085359236967,7.013454852445477e-05,6.931207801960197e-06,1.2174361561388521e-05,18.20973327329289,0.0026947167884868815,3.641946654658578
4.31311,0.00029538009631413644,8.025541189218194e-05,6.981839333744656e-06,1.2336815207379242e-05,16.71273661562476,0.0050780868299560075,3.342547323124952
4.31513,0.00029376650906101236,8.564205170108962e-05,7.0146048010717595e-06,1.2493092494205209e-05,22.18734814572837,0.00048235283343244217,4.437469629145674
4.3172,0.00028681537807180737,7.447964203211518e-05,6.740139728468519e-06,1.1891482689168032e-05,15.029126587978219,0.010238606824613188,3.0058253175956438
4.31917,0.0002800851154557215,7.501439308055196e-05,6.7218268160846e-06,1.1741107510439792e-05,11.009409387452205,0.05119374188787472,2.201881877490441
4.32116,0.00025972276824712736,6.953999589781848e-05,6.1715642623051196e-06,1.0943439446025764e-05,21.6777938576531,0.0006028221722494239,4.33555877153062
4.32298,0.000236241729400681,6.470837056770082e-05,5.597237611552066e-06,9.980136863374091e-06,23.66190649818937,0.00025211564644732023,4.732381299637874
4.32521,0.00019149263352495795,5.2806678414871964e-05,4.49295537513894e-06,7.963778378998216e-06,19.0468963616188,0.0018838561599145492,3.80937927232376
4.32711,0.00015314252492083634,3.714052098584088e-05,3.5849507814483253e-06,6.2771725862159384e-06,14.319103565230375,0.013704572057754778,2.863820713046075
4.32908,0.00010305087861454,2.872929847556767e-05,2.4394707182061267e-06,4.365528336619462e-06,22.59002254549851,0.00040424660604413245,4.518004509099702
4.33012,0.0001461820579912724,3.8326280191933307e-05,3.4887514460344867e-06,6.115197857011217e-06,12.494738767710302,0.028602872923695156,2.4989477535420606
4.33119,7.28544683364258e-05,2.0309075328385305e-05,1.7743952826843837e-06,3.1287744276947425e-06,18.542593359355,0.002337903029385974,3.708518671871
4.33324,4.973654402034434e-05,9.608472381379439e-06,1.2286036056852626e-06,2.082849531234824e-06,7.388031411097922,0.19334396127365716,1.4776062822195843
4.33515,3.783640895366658e-05,6.707176736716027e-06,9.509150188160274e-07,1.6085223231117742e-06,15.145286821724202,0.009759257842593244,3.0290573643448404
4.34004,2.307185047129486e-05,3.5465101213802344e-06,6.248941795271372e-07,1.0381325619349466e-06,7.976224960795378,0.15755079330040483,1.5952449921590754
4.34488,2.0374882938505842e-05,1.2698903446263174e-06,5.809661067668673e-07,9.333070260141546e-07,12.648128473031814,0.026909050937760148,2.529625694606363
4.34998,1.9332014483618302e-05,2.916938203058629e-07,5.42214511972319e-07,8.393547183799508e-07,3.8541218121893364,0.5706043477886338,0.7708243624378672
4.37005,2.1124385847370527e-05,-5.608298235383056e-07,5.677087062582532e-07,8.678941792669419e-07,4.263178239504829,0.5121798148248744,0.8526356479009658
4.39015,2.7150459504379367e-05,-1.1986631663219306e-06,7.059399180206461e-07,1.1024619847048474e-06,3.9688990740618024,0.5539023825935367,0.7937798148123605
4.41003,3.742120114396968e-05,-2.7474110839334606e-06,9.465987615998773e-07,1.4638920149597844e-06,3.7604836778277337,0.5843893791559758,0.7520967355655468
4.42024,5.4196751609985995e-05,-2.9708448401087603e-06,1.3456454133595979e-06,2.09471446731947e-06,4.51843872559992,0.4774201969572115,0.9036877451199841
4.43018,6.784157048890814e-05,-4.07484576518723e-06,1.6233625239926253e-06,2.5165731484881144e-06,1.298845614645514,0.9350504196990782,0.2597691229291028
4.44004,0.00012752046671817634,-1.0564072877792426e-05,3.163368770480769e-06,4.853946169729472e-06,2.8840382381628658,0.7178580503859701,0.5768076476325732
4.44994,0.0001995537170794172,-2.404582686024655e-05,4.830363263455963e-06,7.280608727280785e-06,0.7580626668409263,0.9796307717405123,0.15161253336818525
4.4549900000000004,0.00046709859912462214,-5.389990529280209e-05,1.1485127534989692e-05,1.7304932338090103e-05,1.0436078855159603,0.9589723687979886,0.20872157710319206
4.46012,0.0007017954516086925,-6.779523927133403e-05,1.684116403020248e-05,2.5808913758753078e-05,2.699701143879911,0.7461641458088852,0.5399402287759821
4.4699599999999995,0.0007410611360572172,-9.559152143256348e-05,1.754453310872644e-05,2.6660959497769596e-05,3.377626523835322,0.6419796620527289,0.6755253047670644
4.4779800000000005,0.0005454812395226144,-5.942276024079859e-05,1.3170590427225546e-05,2.008183456057811e-05,2.8539994066295797,0.7224826001161294,0.570799881325916
4.48613,0.00025934443223125047,-2.8949668148386726e-05,6.356523168659177e-06,9.669978036734713e-06,2.3163499401504715,0.8038625458967935,0.4632699880300943
4.48819,0.00019030402733299904,-1.914878054041705e-05,4.700984256149801e-06,7.140724956786378e-06,1.7157818379037775,0.886905548481948,0.3431563675807555
4.490069999999999,0.00025446988395706326,-3.264967593910229e-05,6.150101955734155e-06,9.308643240395464e-06,2.787526163563124,0.7327025714293756,0.5575052327126249
4.49222,9.842032188347079e-05,-6.7520042231650635e-06,2.4702852634477707e-06,3.815752149141065e-06,3.8395468201755953,0.5727409445102813,0.7679093640351191
4.4949900000000005,6.599505236697462e-05,-1.9921416223860433e-06,1.6252402467252696e-06,2.565252210818789e-06,3.9749850152236244,0.5530231078369461,0.7949970030447249
4.499969999999999,3.743012048992724e-05,2.2708005792442623e-06,9.714722121312106e-07,1.5698877662838753e-06,5.910425239673288,0.31503275879130116,1.1820850479346576
4.51021,2.817448336847238e-05,2.891266447290616e-06,7.346668089154018e-07,1.1923536016199652e-06,3.331728423477328,0.648987688768053,0.6663456846954656
4.51218,6.356727390383587e-05,1.6272680065842852e-05,1.5927208027341305e-06,2.769472401111683e-06,8.878792797018754,0.11399747034743703,1.7757585594037508
4.51508,0.0001867945605482536,4.478113239831004e-05,4.534046958483215e-06,7.907933773089996e-06,17.51769283328009,0.0036157598534221768,3.503538566656018
4.52007,0.00032733939343373774,6.911922738413271e-05,7.653009201199132e-06,1.328413654213283e-05,9.337747801896565,0.09632747363963495,1.867549560379313
4.52524,0.0005936119034289191,0.00010121804015932013,1.3944989050810074e-05,2.380932821047686e-05,11.671439987378102,0.03957797114637759,2.3342879974756205
4.5294099999999995,0.000594527940394767,0.00011148198495849738,1.3431526343760022e-05,2.3248886719811826e-05,9.639773006897855,0.08610976494209335,1.927954601379571
4.53506,0.0010333392535148353,0.00016648876749899037,2.3612517004227878e-05,4.0259959557267765e-05,6.517232085505858,0.2590894220219364,1.3034464171011717
4.54024,0.001146118486760949,0.00016053188625380103,2.697924652257343e-05,4.5330513632809294e-05,7.192962074621794,0.20668047835173356,1.4385924149243587
4.5498,0.001477848717651293,7.157864357022455e-05,3.176344769637535e-05,5.225532634891967e-05,2.443953563901908,0.7849110987217176,0.48879071278038155
4.56018,0.0022408512001231696,-7.261330836485624e-05,4.974839992043508e-05,7.91459427919204e-05,3.8026117223799822,0.578170547349871,0.7605223444759964
4.570130000000001,0.0020642081690394262,-9.844368864760111e-05,4.620353618991828e-05,7.270520487867948e-05,3.708062287922214,0.5921646315036353,0.7416124575844428
4.580030000000001,0.0010542051371141927,-5.7787410882600195e-05,2.506251782649397e-05,3.9209732968505304e-05,3.8282506394769773,0.574399235183097,0.7656501278953954
4.59008,0.0005624896063433931,-2.5873429105652582e-05,1.323008600723369e-05,2.0585150901383444e-05,1.3879055487691025,0.9256316901399381,0.2775811097538205
4.60027,0.0004565074608074626,4.945902315670725e-05,1.080279135377125e-05,1.793096480933719e-05,5.943986905515134,0.31170745530605176,1.1887973811030268
4.60999,0.0010292061977765724,0.0002006569364725538,2.3127537770304586e-05,4.008360801694609e-05,9.672152822173093,0.08507583097199181,1.9344305644346185
4.62023,0.0011566132484617585,0.0002463001789350086,2.6676048383473016e-05,4.637956626428096e-05,12.48786088623009,0.028681162468878005,2.4975721772460178
4.62994,0.0008377875529097179,0.00021024993168083955,1.884695017570343e-05,3.3276347514312504e-05,12.984671642170564,0.023522835600737233,2.596934328434113
4.63517,0.0004450210377194872,7.952194172514794e-05,1.0494272742016014e-05,1.789880552518788e-05,11.285950422078574,0.045996112881253076,2.257190084415715
4.639959999999999,0.0002627443559731125,3.681726655426729e-05,6.356416339332958e-06,1.0647689911600568e-05,9.198561104954724,0.10140154100616644,1.8397122209909447
4.64996,0.00021878861942856305,1.6746581790700975e-05,5.3527909509167635e-06,8.768023840758623e-06,5.850360632497493,0.3210529038394389,1.1700721264994987
4.67012,0.0001138788901573742,1.0348111226041808e-05,2.830184742141288e-06,4.58279006755636e-06,2.4752371739361063,0.7802196967174392,0.49504743478722124
4.68015,5.993832268573723e-05,6.260726838921282e-06,1.5885468445102975e-06,2.566354729648022e-06,5.86377674090039,0.3197005523258612,1.1727553481800779
4.68993,4.5993325988245775e-05,5.108504923128369e-06,1.2185971480786245e-06,1.992108395772987e-06,7.695349186770069,0.17384407292762366,1.5390698373540137
4.71002,3.6840202114342474e-05,4.29525813837338e-06,9.29103111040656e-07,1.5337065239392677e-06,1.8090812119237178,0.8748809072844951,0.3618162423847436
4.73,3.406545579689906e-05,5.318329697858257e-06,9.254993318685165e-07,1.5227091893011228e-06,3.8674286067600816,0.5686566701864961,0.7734857213520163
4.75,4.6317813138418785e-05,5.765491632615782e-06,1.2586074732804221e-06,2.0465190603799725e-06,4.081478929979491,0.5377456806198393,0.8162957859958982
4.75518,8.316327378962752e-05,1.0892778270619232e-05,2.2369670732642694e-06,3.631926082976581e-06,2.7963574043316917,0.7313461103131034,0.5592714808663384
4.75888,9.396337832565162e-05,7.404247796020938e-06,2.48249593738808e-06,3.98449608852997e-06,3.835205330854124,0.5733780383938346,0.7670410661708248
4.77004,0.00011521757807285897,1.343409625481012e-05,2.9640095105480624e-06,4.884108681474162e-06,5.415250724427446,0.3673284579053845,1.0830501448854892
4.77502,0.00017408351252536295,2.172499672303673e-05,4.30395329770264e-06,7.1425290418275194e-06,5.111720144295324,0.40239854210087256,1.0223440288590648
4.7801800000000005,0.00036530047711736156,6.591534286843787e-05,8.847966566950537e-06,1.501774425783742e-05,16.22045390683272,0.006242057592780572,3.244090781366544
4.79012,0.00046024848382404454,9.675521339898933e-05,1.057157862551819e-05,1.832863914047507e-05,8.265552218730917,0.14219504321992868,1.6531104437461834
4.799919999999999,0.0003794256122194448,6.991255789649042e-05,8.707198393011351e-06,1.488263227953496e-05,5.333742783177827,0.3765210486114752,1.0667485566355652
4.81003,0.0001837555331158386,3.935303253561086e-05,4.608450792767502e-06,7.902226882099959e-06,6.13027774622962,0.2937479814467549,1.226055549245924
4.8121599999999995,8.77833840461308e-05,1.86516969939712e-05,2.3590800713965078e-06,3.987523254333275e-06,5.977164636688681,0.3084472449768429,1.1954329273377362
4.81527,5.468815806457532e-05,1.2601891902113295e-05,1.5025237112980634e-06,2.5575374392311867e-06,5.5000297639567,0.3579426171360506,1.10000595279134
4.82006,2.9716246151270155e-05,6.122330591565587e-06,8.57807813947495e-07,1.4205155013195256e-06,4.959930920598326,0.420789845694845,0.9919861841196653
4.82989,1.9260946302538566e-05,2.2570522442192476e-06,5.47936326858049e-07,8.859300726546522e-07,2.4602025840920065,0.7824763490849627,0.49204051681840133
4.85003,1.3436214608402902e-05,2.190490920656187e-06,4.416921653874054e-07,7.265624868045553e-07,6.943666229691827,0.22486375121627603,1.3887332459383654
4.86629,1.3052647133225834e-05,2.9343743823305265e-06,4.5401110066704167e-07,7.52471592842691e-07,7.455683087164164,0.18889554381152812,1.4911366174328329
4.88989,1.5654092909197838e-05,3.2309626997704455e-06,4.4867438022005324e-07,7.604440422584657e-07,5.641448811640658,0.34268463592936854,1.1282897623281316
4.89991,2.9099312080323227e-05,-6.388252746669975e-07,8.783491119196006e-07,1.34506425561005e-06,2.8502224828581477,0.7230638308675225,0.5700444965716296
4.9101300000000005,4.178608936086427e-05,-6.132301376619612e-07,1.104059791790168e-06,1.7302932047039442e-06,2.8127839758074793,0.7288218763097692,0.5625567951614958
4.91996,5.325853984490898e-05,-2.9407674788929267e-06,1.4319128292447288e-06,2.2035836404451894e-06,1.8299361238919496,0.8721404417753926,0.3659872247783899
4.92615,5.4121625890070964e-05,4.8905080222184656e-08,1.3057267813740126e-06,2.064338439932983e-06,1.4660077531337024,0.9169588609157404,0.29320155062674047
4.9301900000000005,5.486070151712534e-05,3.0008905382980164e-06,1.4160109778662388e-06,2.2609689860201454e-06,3.751578109724515,0.5857074303846038,0.750315621944903
4.93692,5.288118770372362e-05,3.031767668738316e-06,1.278815813042527e-06,2.0891862924284433e-06,4.64014073382193,0.46135476510812123,0.928028146764386
4.94675,5.451346227125984e-05,2.700164224053123e-06,1.3249628315466966e-06,2.1415952857368603e-06,6.887525105539086,0.22914050816198883,1.3775050211078173
4.95027,5.539642131903197e-05,5.746065805661331e-06,1.4288326857742966e-06,2.3461063498309155e-06,8.078900855515261,0.15194052007762682,1.6157801711030522
4.95676,5.844966824587688e-05,4.269281335663265e-06,1.4166744773387672e-06,2.3072533183339006e-06,1.5215722082899485,0.9105670420939984,0.3043144416579897
4.961869999999999,6.113214948040063e-05,6.382640124491019e-06,1.4605180613789122e-06,2.4209379017221834e-06,3.2867222553632938,0.6558751040220263,0.6573444510726587
4.96475,6.532567694205565e-05,5.7421637166537594e-06,1.5698733008476908e-06,2.5686460362973988e-06,1.747488525015525,0.8828635344493112,0.349497705003105
4.96787,6.621471415060232e-05,7.507272162562731e-06,1.5977202244059251e-06,2.65934222730134e-06,4.366277768259587,0.49797180297439103,0.8732555536519173
4.97004,6.788158405168714e-05,7.361973316408833e-06,1.7204785831448314e-06,2.864381239362583e-06,10.12656529445761,0.07172748272098459,2.025313058891522
4.9728,6.623800125108906e-05,8.477125522968823e-06,1.5331333730443342e-06,2.5821640008257185e-06,4.393125395314839,0.4943089398791206,0.8786250790629678
4.97463,6.572642871832565e-05,8.04370948980926e-06,1.593255662153344e-06,2.641998632443826e-06,5.0707121518376095,0.40731152900045836,1.014142430367522
4.98471,5.496376374671906e-05,5.955755999065385e-06,1.3372425142544878e-06,2.2191008782307424e-06,3.264533679161868,0.6592757803388667,0.6529067358323737
4.990069999999999,5.374818193762483e-05,7.48436685150482e-06,1.4067617352798523e-06,2.3388755017338144e-06,9.541594268818178,0.08931609230822488,1.9083188537636357
4.994669999999999,4.2917138155305185e-05,5.598240522840092e-06,1.0654886224579696e-06,1.7648455581676502e-06,4.748525157628314,0.4473347809649255,0.9497050315256628
5.00464,3.427970347952398e-05,3.2989147515990138e-06,8.56820373924136e-07,1.397829577486745e-06,0.7847276757514234,0.9779972158431925,0.1569455351502847
5.00999,3.6641366958633636e-05,4.5363307671874285e-06,1.0435655337425515e-06,1.7087338615409205e-06,3.577715403763314,0.6116623017781393,0.7155430807526628
5.01484,4.640440721901179e-05,7.874274694345832e-06,1.1642499889067349e-06,1.961077048116845e-06,5.68892351105421,0.3376739968735285,1.1377847022108418
5.01774,6.310641997229338e-05,8.958704126266772e-06,1.5301377900948669e-06,2.5739003778036496e-06,4.175773449215728,0.5243965597111325,0.8351546898431457
5.01786,6.060939660090968e-05,7.0120453535539e-06,1.4703287654798494e-06,2.420719626023938e-06,1.236536426043865,0.9413245371430163,0.247307285208773
5.019819999999999,9.810691315690851e-05,1.622930913229896e-05,2.3450071148363046e-06,3.963601976029829e-06,4.175960594928533,0.5243702382083001,0.8351921189857066
5.0248,0.00017996546975821207,2.3948317037016277e-05,4.326126216303804e-06,7.1677523879951515e-06,4.635389434299452,0.4619756147462758,0.9270778868598905
5.027830000000001,0.0001968132177370199,2.676446276348422e-05,4.806372637977378e-06,7.946845266241147e-06,5.128780390144485,0.4003668280423155,1.025756078028897
5.0301,0.00020867498376416453,3.19115521937797e-05,5.209320698767026e-06,8.75933172928406e-06,7.180272010937203,0.20757478295695625,1.4360544021874406
5.032780000000001,0.00023693487105869946,4.287170741264546e-05,5.560623066889868e-06,9.406245239584258e-06,2.077440354146182,0.8383292776483211,0.4154880708292364
5.0359,0.0002700992630753516,4.021072513297707e-05,6.253643119363315e-06,1.0532933659129027e-05,3.8612494037658256,0.5695607431622867,0.7722498807531651
5.03871,0.0002836707881108108,4.7453885516826865e-05,6.530806419021645e-06,1.1036165137884123e-05,3.3652471904606758,0.6438681318612632,0.6730494380921351
5.041980000000001,0.00027518352691375506,5.37728106482021e-05,6.494476152285042e-06,1.1068121373524287e-05,3.5189233162090785,0.6205262437834312,0.7037846632418157
5.04479,0.0002504464402057697,4.303428162242401e-05,5.897302105778627e-06,9.9988766740288e-06,4.60303536860474,0.4662171159516627,0.920607073720948
5.04997,0.00020113144757085284,4.35321833102629e-05,4.873576795733258e-06,8.361998213799414e-06,6.999720871920746,0.22066106787361306,1.3999441743841492
5.05484,0.00014147347772653127,3.0802154823236596e-05,3.42929802169134e-06,5.874162249847961e-06,12.714011527061817,0.026211384658209397,2.5428023054123634
5.0648800000000005,9.633394041621357e-05,1.8195034733691642e-05,2.4376024620168848e-06,4.063114252670674e-06,3.2798240617677,0.6569319966974281,0.65596481235354
5.06991,7.915496349577627e-05,1.726643516721033e-05,2.1586349792621867e-06,3.640778802804064e-06,3.7339352880547985,0.5883220854999172,0.7467870576109596
5.07448,6.401331309717953e-05,1.3037644284637025e-05,1.6538875904595355e-06,2.765078102465787e-06,3.5999899930297716,0.6083147945842466,0.7199979986059544
5.08419,5.417478959608287e-05,1.2044066676853331e-05,1.506669790687811e-06,2.52632215341997e-06,6.413517703307715,0.26803455989699704,1.282703540661543
5.08999,6.0492084811831e-05,1.2750805948710227e-05,1.6962861638973387e-06,2.832643880362721e-06,2.9187573014242894,0.7125095341496623,0.5837514602848579
5.093719999999999,0.00022410724972334265,4.915944909109062e-05,5.514261984522029e-06,9.377548459720082e-06,6.323561423486281,0.27599567870736613,1.2647122846972563
5.09676,0.0004266304683344603,9.875892837518205e-05,9.348304799083279e-06,1.654006097921136e-05,7.685971191556646,0.17441271464545965,1.5371942383113293
5.09889,0.0004743590475960229,0.00011117348173311938,1.0627716436017359e-05,1.8741629097862144e-05,7.478967833871025,0.1873851178476332,1.4957935667742048
5.09999,0.0004982599422756639,0.00011027692349697236,1.1324135837641252e-05,1.9765742868860967e-05,7.538935354899255,0.1835433609666634,1.507787070979851
5.10043,0.00048797511439495177,0.00010871303615389832,1.108960005197077e-05,1.9426343948170035e-05,9.127890760951336,0.10407047593796195,1.8255781521902672
5.100709999999999,0.00048691989390261387,0.00010078499115171412,1.1060032180794858e-05,1.9196953009524524e-05,6.580995040609855,0.2537127701586341,1.316199008121971
5.10288,0.0006013526401345766,0.0001360292270519872,1.3452467187207363e-05,2.3475500254969127e-05,6.678737432374355,0.24565010142339502,1.335747486474871
5.1048599999999995,0.0006278199869541277,0.00012886308300547554,1.3963232487339303e-05,2.431256881398365e-05,8.126387809811598,0.14940632791823205,1.6252775619623197
5.1069,0.0006285871382441108,0.00012629883500964758,1.4070986923121303e-05,2.443671023733626e-05,6.51437592243726,0.2593324380801134,1.302875184487452
5.10878,0.0006357055987174125,0.00015574570333593067,1.4028390813609112e-05,2.4958647661768407e-05,11.115415959960686,0.04913904148346805,2.223083191992137
5.110040000000001,0.0006444184054480942,0.00014820437631780307,1.4321002626023631e-05,2.514941290875746e-05,8.13707859199552,0.1488410139658008,1.627415718399104
5.11075,0.0006359462523207123,0.00013171471644443845,1.416540672889913e-05,2.4746256866948176e-05,6.601959228851701,0.2519652579091299,1.3203918457703403
5.11384,0.0006235779804285535,0.00012570309878211455,1.3757514254194469e-05,2.3958973916818492e-05,5.98148643927111,0.30802453938074675,1.196297287854222
5.1188,0.0005207792962211723,0.00011229721874473679,1.1390501046662898e-05,2.001412490978437e-05,7.517369793042386,0.1849169764728571,1.503473958608477
5.1237699999999995,0.0003829154329758386,7.897311884191144e-05,8.785023948196267e-06,1.5179875564042894e-05,6.915913542091721,0.2269694191788461,1.3831827084183441
5.12852,0.00027951979229457174,5.3192242624473574e-05,6.314174120914733e-06,1.0897859958757954e-05,4.390208656024219,0.49470612424393834,0.8780417312048439
5.12994,0.00029249873581105264,6.913626049994149e-05,6.80678115359529e-06,1.1934220835896671e-05,10.163318121179074,0.0707377670078142,2.032663624235815
5.1338099999999995,0.00022427742872375566,5.195453467761999e-05,5.116638521467737e-06,8.897335411889418e-06,5.238789617668317,0.38743853233656866,1.0477579235336634
5.13888,0.00022457198198405496,4.602563158296332e-05,5.187373079119188e-06,8.951485726135013e-06,4.627139890075963,0.4630548143447266,0.9254279780151926
5.14165,0.0002163785791591971,4.8125586311222735e-05,4.9440839618315335e-06,8.599386723477728e-06,7.640798329502882,0.17717467209239232,1.5281596659005765
5.1447400000000005,0.00019897562803755257,3.819721481500113e-05,4.602264091379951e-06,7.861879099638806e-06,4.007407548852482,0.5483499372846317,0.8014815097704965
5.14799,0.00018491644683746916,3.31791931938059e-05,4.385103342238454e-06,7.427060694798688e-06,5.909489784569468,0.3151258389961307,1.1818979569138937
5.15001,0.0001772881989689167,3.7264887782082916e-05,4.378858358458963e-06,7.484269844846312e-06,9.177567945595698,0.10218775463799758,1.8355135891191394
5.150980000000001,0.00016907792547867084,3.636808407503243e-05,3.9149589344097625e-06,6.743470229902997e-06,5.333321393880965,0.37656900350184536,1.066664278776193
5.15704,0.0001422437165162428,2.577328406013922e-05,3.3582989293780587e-06,5.723884865407772e-06,7.8021126518357065,0.1674840890508047,1.5604225303671413
5.15937,0.00012860989475505302,2.603604705941498e-05,2.9840284628640014e-06,5.153894664161175e-06,4.967234417342338,0.41989203611002224,0.9934468834684675
5.17005,8.211120019027338e-05,1.8007521817431752e-05,2.19554383769421e-06,3.7124494832387166e-06,6.520674070360228,0.25879681019073886,1.3041348140720457
5.18984,6.055187362404291e-05,1.3379746592379538e-05,1.5384360140865762e-06,2.6248769123341873e-06,6.07543554609636,0.2989477770920869,1.2150871092192719
5.210030000000001,6.673380305846012e-05,1.596563560339445e-05,1.7487684202258663e-06,2.9793112872473374e-06,5.437268519117845,0.36487365760224555,1.087453703823569
5.23003,8.917377106153002e-05,1.6047233855212007e-05,2.544479163175304e-06,4.194543114288799e-06,3.4206949272010796,0.6354199840983977,0.6841389854402159
5.2395,0.00011541878619874518,2.3430868315779438e-05,2.8895271869026485e-06,4.906822196330657e-06,6.544017489953545,0.2568194920681682,1.3088034979907088
5.24306,0.00012711980975267127,2.5212582461416923e-05,3.584994941301857e-06,5.914856181323484e-06,4.194399018073913,0.521780337473057,0.8388798036147825
5.25013,0.00017531593544220037,3.696247170005555e-05,5.172750912776002e-06,8.483672265355427e-06,3.353353494125021,0.6456837134695083,0.6706706988250042
5.25994,0.00026190058463357595,5.3666022658178486e-05,7.004294225219164e-06,1.1683164749876398e-05,4.028939462521276,0.5452569471526053,0.8057878925042552
5.26504,0.00031126219666165346,5.900409543316317e-05,8.61250216280449e-06,1.4217494919904763e-05,5.7155226484423025,0.3348910764487921,1.1431045296884605
5.26998,0.0003812752810635608,8.247589977625715e-05,1.0025238420202497e-05,1.6952889876176066e-05,5.028821149031629,0.4123729571623617,1.0057642298063256
5.27496,0.0005131058657223901,0.00013886709912440802,1.2733916754659168e-05,2.240511027518817e-05,10.352579969778642,0.06583964905056185,2.0705159939557283
5.27502,0.0005040803783561956,0.00013209056641116771,1.1508096239956602e-05,2.0197156003385557e-05,5.837985188460321,0.32230428094805674,1.1675970376920641
5.2798099999999994,0.0007630451460646181,0.0001693136550257572,1.8537880690476972e-05,3.189844534729682e-05,5.573130272420128,0.3499935009025067,1.1146260544840256
5.28495,0.0009792085096289485,0.00019702034242545806,2.3629710100948315e-05,4.073817573554793e-05,11.750207741006346,0.038375541557756486,2.3500415482012693
5.29016,0.0012804115297407556,0.000264669298285426,2.8319827775828366e-05,4.975615968000658e-05,9.805160709383546,0.08094796485678735,1.9610321418767094
5.29294,0.0014966781048241528,0.00039951560845783785,3.2567016815058455e-05,5.822981943008646e-05,7.265614864445987,0.20162374766309976,1.4531229728891975
5.29767,0.0014575774458965272,0.0003252488138718139,3.092145890793698e-05,5.5202044525171186e-05,12.654983769104382,0.026835636655518094,2.5309967538208764
5.29972,0.001431590145847084,0.0003449231914082198,3.0695309607634184e-05,5.452369553031769e-05,7.779496727735982,0.1688140090827927,1.5558993455471963
5.30238,0.0013491322983964526,0.0003006148709177185,2.9259411388321004e-05,5.191561965341232e-05,12.528614996723618,0.028220238676698744,2.505722999344724
5.30823,0.001171849507962125,0.0002736795024913781,2.4614655427264605e-05,4.420065707346739e-05,11.039900925963577,0.05059457991631661,2.2079801851927154
5.312880000000001,0.0011140456298411553,0.0002661032833628018,2.3587525234865637e-05,4.2408236778241075e-05,13.277909221921277,0.020909085562451198,2.6555818443842556
5.31752,0.0009553741209153603,0.00023844319709014598,2.027073480745248e-05,3.656547478173141e-05,14.253594406339571,0.0140763152268274,2.8507188812679143
5.32281,0.0007597650355808409,0.00019676864456137644,1.618211755818622e-05,2.9162792249808247e-05,12.795591339431992,0.025371482638319533,2.559118267886398
5.32768,0.0006408187193375071,0.00015121015135029052,1.3850785678448465e-05,2.465664944431437e-05,9.824163274453486,0.08037359984811848,1.9648326548906971
5.33288,0.00046970967622602094,0.00012813882903663958,1.050482982785888e-05,1.8603171546128632e-05,6.922790957129925,0.22644606704773848,1.384558191425985
5.33291,0.00048721153559946363,0.00011868228288109458,1.0611569462009515e-05,1.898178312470856e-05,11.90074038576309,0.03617347230243718,2.380148077152618
5.33747,0.000328362512130552,7.391925051520868e-05,7.297477267085411e-06,1.2891816096926895e-05,10.341321531106487,0.06612192507985241,2.0682643062212973
5.34274,0.0002007442298034332,4.151620843001493e-05,4.788615029825645e-06,8.1654973200991e-06,5.625154574293457,0.34441728847270187,1.1250309148586914
5.34293,0.000203647798427275,4.054178213778996e-05,4.707465213579814e-06,8.112613250154169e-06,4.166755949410344,0.5256656655998951,0.8333511898820689
5.34694,0.00015241586443923513,2.402406852515911e-05,3.6861344834065347e-06,6.154928770273574e-06,4.3308938362483484,0.5028228145053653,0.8661787672496697
5.34826,0.00014598107879274308,2.836610237319284e-05,3.424594172577715e-06,5.887114737801371e-06,4.319250028393961,0.5044249390255773,0.8638500056787922
5.34858,0.00013586864923063985,2.4569045810280213e-05,3.2030418330551364e-06,5.418349200514425e-06,3.714651904320304,0.5911850580049516,0.7429303808640608
5.35205,0.0002294203824155667,4.540355109065508e-05,5.483604664063386e-06,9.381223683082152e-06,6.749922947288985,0.23991303110972212,1.3499845894577969
5.3536,0.00017775887289195953,3.935518056869508e-05,3.925909582399118e-06,6.894146657492165e-06,7.690952258347423,0.17411048146528413,1.5381904516694846
5.3579,0.00027996990312955376,5.593068614408777e-05,6.612556526570438e-06,1.1363455802118543e-05,4.876521254564725,0.43113496925444017,0.975304250912945
5.3598300000000005,0.0002654383468845253,5.346734170033569e-05,6.2674712094831745e-06,1.0753988150439593e-05,4.487484610364632,0.481559698788541,0.8974969220729264
5.36189,0.000254566023535616,5.487345162560253e-05,6.066128087931819e-06,1.0394448431744053e-05,5.950847483410152,0.3110310968897946,1.1901694966820304
5.36386,0.00025208999163633066,5.822521266960302e-05,5.966916373197537e-06,1.0302442850019106e-05,6.441278931883081,0.2656158209984595,1.2882557863766162
5.36605,0.00024618405031364684,4.776438578622085e-05,5.91995493065244e-06,1.0113738533084837e-05,5.2499083609694335,0.38614854348107974,1.0499816721938866
5.368040000000001,0.00023262777295907723,4.67419387638202e-05,5.238322834443801e-06,9.025445421829565e-06,5.747813137824778,0.3315362558063977,1.1495626275649555
5.36965,0.00023684905950544812,4.412803623187173e-05,5.613398998308387e-06,9.60157801344829e-06,4.326628321168593,0.5034093944000669,0.8653256642337187
5.3748,0.00013953491191292535,3.20071124989558e-05,3.184854060426755e-06,5.549084308721158e-06,6.702056493984461,0.24375829416146597,1.3404112987968921
5.38009,6.124726611681148e-05,1.1477460255428596e-05,1.666223671651897e-06,2.7792566063903155e-06,4.85578456861003,0.4337329438731714,0.971156913722006
5.3829199999999995,3.909679294048478e-05,3.410774103916567e-06,1.179380921303991e-06,1.8745174115094172e-06,2.138870527660959,0.8296151409652588,0.42777410553219186
5.3833400000000005,5.529582532342416e-05,1.0787553560117094e-05,1.4194502325883718e-06,2.4025633963406634e-06,5.092975923490347,0.4046390703623677,1.0185951846980694
5.383859999999999,3.461865680530686e-05,4.372513863452472e-06,1.0053893832439193e-06,1.6472451917938842e-06,5.942313270777177,0.3118726271040714,1.1884626541554355
5.38596,2.6933632274446417e-05,3.426833295236103e-06,8.517279084964474e-07,1.394050248240839e-06,1.3626224266411984,0.9283578963427791,0.2725244853282397
5.38986,2.3162004663808473e-05,1.2142873070857987e-06,7.365783691677232e-07,1.134855866709534e-06,1.7191682885015704,0.8864760870502003,0.3438336577003141
5.39308,2.1844158336764804e-05,1.1588540236914226e-06,7.276371823152538e-07,1.173253745711078e-06,9.413675865658403,0.09365878543706789,1.8827351731316806
5.40341,2.139859197739726e-05,1.379411002426535e-06,7.323770479702912e-07,1.1780063533296915e-06,8.281293405146963,0.14139924397509662,1.6562586810293927
5.41408,2.5728006969253406e-05,1.1928366746696148e-06,8.393537758782718e-07,1.3207087914758815e-06,1.8902276898944415,0.8641160988139731,0.3780455379788883
5.42436,2.5924305416815395e-05,3.1283703823515736e-06,8.61606964984365e-07,1.3817676197421559e-06,1.4119307027486059,0.9230037467583543,0.28238614054972117
5.43541,2.8946731116432376e-05,5.054746292084597e-06,8.221461220038421e-07,1.3523086330016854e-06,1.9319201547624032,0.8584827347787756,0.38638403095248064
5.43926,3.3326646159013244e-05,4.678103190139015e-06,9.551727531859808e-07,1.5621976212610248e-06,1.2868074627094146,0.936283309026524,0.2573614925418829
