Run,Detector,Yield,Yield_err,Fit Status
run0159,det_h0-0,0.15229,0.0130725,0
run0159,det_h0-1,0.210494,0.0191893,0
run0159,det_h0-2,0.134955,0.104873,0
run0159,det_h0-3,0.129331,0.0194608,0
run0159,det_h0-4,0.182195,0.0197187,0
run0159,det_h0-5,0.217265,0.0295933,0
run0159,det_h0-6,0.21517,0.0250668,0
run0159,det_h0-7,0.133396,0.0210415,0
run0159,det_h1-0,0.20233,0.0218302,0
run0159,det_h1-1,0.138525,0.0135672,0
run0159,det_h1-2,0.100327,0.0750936,0
run0159,det_h1-3,0.16638,0.0153364,0
run0159,det_h1-4,0.203618,0.0196619,0
run0160,det_h0-0,0.174026,0.0120588,0
run0160,det_h0-1,0.230429,0.0163829,0
run0160,det_h0-2,0.141511,0.00612819,1
run0160,det_h0-3,0.176021,0.0178512,0
run0160,det_h0-4,0.205974,0.0188718,0
run0160,det_h0-5,0.233331,0.0259958,0
run0160,det_h0-6,0.181713,0.0155878,0
run0160,det_h0-7,0.163124,0.0147548,0
run0160,det_h1-0,0.148021,0.0152449,0
run0160,det_h1-1,0.15014,0.0100501,0
run0160,det_h1-2,0.130367,0.0277563,0
run0160,det_h1-3,0.274894,0.0214537,0
run0160,det_h1-4,0.235648,0.0157653,0
run0161,det_h0-0,0.0702827,0.00685791,0
run0161,det_h0-1,0.121982,0.0156189,0
run0161,det_h0-2,0.0366253,0.00997326,0
run0161,det_h0-3,0.11019,0.016864,0
run0161,det_h0-4,0.102964,0.0146824,0
run0161,det_h0-5,0.0853612,0.0243502,0
run0161,det_h0-6,0.11212,0.0130891,0
run0161,det_h0-7,0.103974,0.0186082,0
run0161,det_h1-0,0.113746,0.0190712,0
run0161,det_h1-1,0.0612466,0.00606076,0
run0161,det_h1-2,0.0688606,0.0125748,0
run0161,det_h1-3,0.1088,0.0117563,0
run0161,det_h1-4,0.13302,0.0143454,0
run0162,det_h0-0,0.0558236,0.0077941,0
run0162,det_h0-1,0.0630211,0.0120277,0
run0162,det_h0-2,0.0631611,0.00882743,0
run0162,det_h0-3,0.0429308,0.0101191,0
run0162,det_h0-4,0.0795099,0.0210036,0
run0162,det_h0-5,0.105126,0.01222,0
run0162,det_h0-6,0.0529824,0.0097627,0
run0162,det_h0-7,0.0910117,0.0713012,0
run0162,det_h1-0,0.055354,0.00913501,0
run0162,det_h1-1,0.0513197,0.00686302,0
run0162,det_h1-2,0.0391691,0.0102286,0
run0162,det_h1-3,0.0430963,0.0225954,0
run0162,det_h1-4,0.0574524,0.0101771,0
run0165,det_h0-0,0.217075,0.014565,0
run0165,det_h0-1,0.132156,0.019292,0
run0165,det_h0-2,0.174719,0.0240393,0
run0165,det_h0-3,0.211437,0.0203643,0
run0165,det_h0-4,0.216719,0.0344097,0
run0165,det_h0-5,0.270882,0.0299063,0
run0165,det_h0-6,0.248875,0.0122975,1
run0165,det_h0-7,0.169341,0.0178075,0
run0165,det_h1-0,0.188872,0.0184898,0
run0165,det_h1-1,0.193907,0.0151779,0
run0165,det_h1-2,0.137972,0.0117718,0
run0165,det_h1-3,0.182896,0.0179355,0
run0165,det_h1-4,0.295675,0.0255189,0
run0167,det_h0-0,0.191781,0.0150537,0
run0167,det_h0-1,0.179353,0.0152899,0
run0167,det_h0-2,0.118158,0.0255496,0
run0167,det_h0-3,0.171399,0.0216177,0
run0167,det_h0-4,0.146476,0.0144121,0
run0167,det_h0-5,0.230221,0.149425,0
run0167,det_h0-6,0.16918,0.0169515,0
run0167,det_h0-7,0.186885,0.019029,0
run0167,det_h1-0,0.155531,0.0147689,0
run0167,det_h1-1,0.125536,0.0113188,0
run0167,det_h1-2,0.0973559,0.0322455,0
run0167,det_h1-3,0.157179,0.0306589,0
run0167,det_h1-4,0.219939,0.0206352,0
run0168,det_h0-0,0.812603,0.0244957,0
run0168,det_h0-1,0.896762,0.0331181,0
run0168,det_h0-2,0.338252,0.0414384,0
run0168,det_h0-3,0.571383,0.0398762,0
run0168,det_h0-4,0.727638,0.0330539,0
run0168,det_h0-5,0.839866,0.0432858,0
run0168,det_h0-6,0.642508,0.033055,0
run0168,det_h0-7,0.64835,0.0352066,1
run0168,det_h1-0,0.789924,0.0229487,1
run0168,det_h1-1,0.610999,0.0234595,0
run0168,det_h1-2,1.29654E-12,0.00445554,0
run0168,det_h1-3,0.815583,0.0316946,0
run0168,det_h1-4,0.900742,0.0335242,0
run0169,det_h0-0,0.737263,0.0492415,0
run0169,det_h0-1,1.14511,0.0550242,0
run0169,det_h0-2,0.522623,0.0215716,0
run0169,det_h0-3,0.862122,0.0327784,0
run0169,det_h0-4,0.625873,0.0489099,0
run0169,det_h0-5,1.09256,0.0368938,0
run0169,det_h0-6,0.878467,0.0621173,0
run0169,det_h0-7,0.886949,0.0623772,0
run0169,det_h1-0,0.844771,0.0355135,0
run0169,det_h1-1,0.791336,0.0374872,0
run0169,det_h1-2,1.20657E-09,0.110818,0
run0169,det_h1-3,1.38397E-09,0.0235772,0
run0169,det_h1-4,1.21738,0.0335696,0
run0170,det_h0-0,1.03022,0.0735611,0
run0170,det_h0-1,1.2822,0.037818,0
run0170,det_h0-2,0.499495,0.0355449,0
run0170,det_h0-3,0.823434,0.0568017,0
run0170,det_h0-4,0.618396,0.0576846,0
run0170,det_h0-5,1.07534,0.0514739,0
run0170,det_h0-6,1.18638E-08,0.0647835,1
run0170,det_h0-7,0.951718,0.0338677,0
run0170,det_h1-0,0.951737,0.0340533,0
run0170,det_h1-1,0.655092,0.0660436,0
run0170,det_h1-2,0.00373674,0.00270426,0
run0170,det_h1-3,1.28564,0.0457555,0
run0170,det_h1-4,1.3537,0.0454173,0
run0171,det_h0-0,0.866828,0.0577876,0
run0171,det_h0-1,1.02606,0.0507561,0
run0171,det_h0-2,0.510506,0.117525,0
run0171,det_h0-3,0.781702,0.0950165,0
run0171,det_h0-4,1.28431,0.0368012,0
run0171,det_h0-5,0.981305,0.0963488,0
run0171,det_h0-6,1.61992,0.0350871,1
run0171,det_h0-7,0.790533,0.138663,0
run0171,det_h1-0,1.20174,0.0354513,0
run0171,det_h1-1,7.54937E-15,0.000211134,1
run0171,det_h1-2,0.357228,0.110428,0
run0171,det_h1-3,0.719773,0.191977,0
run0171,det_h1-4,1.80747,0.0397508,0
run0172,det_h0-0,1.24709,0.027652,0
run0172,det_h0-1,0.881105,0.0414203,0
run0172,det_h0-2,0.626499,0.0203776,0
run0172,det_h0-3,1.05328,0.040655,0
run0172,det_h0-4,1.15462,0.0322069,0
run0172,det_h0-5,1.34545,0.0349863,0
run0172,det_h0-6,1.2687,0.0289221,0
run0172,det_h0-7,1.10797,0.0303887,0
run0172,det_h1-0,1.05332,0.0313698,0
run0172,det_h1-1,0.816976,0.031743,0
run0172,det_h1-2,0.750642,0.024937,0
run0172,det_h1-3,0.555247,0.100739,0
run0172,det_h1-4,1.38859,0.0467546,0
run0173,det_h0-0,0.789481,0.0444307,0
run0173,det_h0-1,1.21186,0.0619113,0
run0173,det_h0-2,0.559555,0.0228212,0
run0173,det_h0-3,0.74821,0.0617862,0
run0173,det_h0-4,0.985897,0.0411365,0
run0173,det_h0-5,1.01866,0.0663007,0
run0173,det_h0-6,1.06629,0.0563104,0
run0173,det_h0-7,1.06228,0.0333734,0
run0173,det_h1-0,0.95037,0.041662,0
run0173,det_h1-1,0.759162,0.0320145,0
run0173,det_h1-2,0.179671,0.0429706,0
run0173,det_h1-3,0.835764,0.111849,0
run0173,det_h1-4,1.28546,0.0689524,0
run0174,det_h0-0,1.33297,0.0347673,0
run0174,det_h0-1,1.38189,0.0794086,0
run0174,det_h0-2,0.339865,0.100149,0
run0174,det_h0-3,0.834007,0.0835333,0
run0174,det_h0-4,1.19631,0.0343102,0
run0174,det_h0-5,1.50719,0.0387949,0
run0174,det_h0-6,1.37977,0.05232,0
run0174,det_h0-7,1.23965,0.0395222,0
run0174,det_h1-0,1.10073,0.0382099,0
run0174,det_h1-1,0.894621,0.052451,0
run0174,det_h1-2,0.611968,0.0499138,0
run0174,det_h1-3,1.1217,0.138145,0
run0174,det_h1-4,1.4475,0.0904393,0
run0175,det_h0-0,1.47595,0.0481417,0
run0175,det_h0-1,0.950193,0.073592,0
run0175,det_h0-2,0.381377,0.0752618,0
run0175,det_h0-3,0.652925,0.122712,0
run0175,det_h0-4,3.5288E-09,0.0236703,0
run0175,det_h0-5,1.51079,0.0631477,0
run0175,det_h0-6,1.57482,0.0419404,0
run0175,det_h0-7,1.18537E-12,0.00829202,0
run0175,det_h1-0,1.34469,0.0356726,0
run0175,det_h1-1,0.675153,0.192742,0
run0175,det_h1-2,7.05023E-13,0.0380214,0
run0175,det_h1-3,1.10765,0.395215,0
run0175,det_h1-4,1.46174,0.131249,0
run0176,det_h0-0,3.40429E-13,0.0177051,0
run0176,det_h0-1,1.66604,0.107553,0
run0176,det_h0-2,0.445699,0.0899982,0
run0176,det_h0-3,1.28306,0.0462241,0
run0176,det_h0-4,0.572035,0.107046,0
run0176,det_h0-5,1.72388,0.0532936,0
run0176,det_h0-6,1.64835,0.0465371,0
run0176,det_h0-7,4.29187E-11,0.0198367,0
run0176,det_h1-0,1.30718,0.0520613,0
run0176,det_h1-1,0.978696,0.0716347,0
run0176,det_h1-2,0.849482,0.0433739,0
run0176,det_h1-3,0.904464,0.490262,0
run0176,det_h1-4,1.78513,0.058301,0
run0177,det_h0-0,0.978507,0.100501,0
run0177,det_h0-1,1.7224,0.0739552,0
run0177,det_h0-2,0.537822,0.0485176,0
run0177,det_h0-3,1.0581,0.0519364,0
run0177,det_h0-4,1.26407,0.0549906,0
run0177,det_h0-5,1.41942,0.193278,0
run0177,det_h0-6,1.29909,0.135211,0
run0177,det_h0-7,1.04773,0.231936,0
run0177,det_h1-0,1.19382,0.040555,0
run0177,det_h1-1,0.978228,0.0730743,0
run0177,det_h1-2,1.55965E-10,0.0634317,0
run0177,det_h1-3,0.00750382,0.0189915,0
run0177,det_h1-4,1.57918,0.056393,0
run0178,det_h0-0,0.77379,0.0940261,0
run0178,det_h0-1,0.738059,0.0978467,0
run0178,det_h0-2,3.28744E-12,0.0145019,0
run0178,det_h0-3,1.01549,0.0483966,0
run0178,det_h0-4,0.0125292,0.00461236,0
run0178,det_h0-5,5.32861E-09,0.0143692,0
run0178,det_h0-6,1.32958,0.0477867,0
run0178,det_h0-7,1.00927,0.0603059,0
run0178,det_h1-0,0.69981,0.197805,0
run0178,det_h1-1,1.87567E-12,0.00568979,0
run0178,det_h1-2,0.685272,0.300276,0
run0178,det_h1-3,0.384667,0.209246,0
run0178,det_h1-4,1.37161,0.0635986,0
run0179,det_h0-0,1.0258,0.120204,0
run0179,det_h0-1,0.78352,0.121696,0
run0179,det_h0-2,0.477747,0.0327319,0
run0179,det_h0-3,0.844285,0.0432507,0
run0179,det_h0-4,5.89154E-10,0.0113528,0
run0179,det_h0-5,0.889126,0.097939,0
run0179,det_h0-6,1.05082,0.049822,0
run0179,det_h0-7,0.524726,0.17971,0
run0179,det_h1-0,0.772025,0.0985173,0
run0179,det_h1-1,4.35852E-12,0.00828301,0
run0179,det_h1-2,0.00785122,0.0103188,0
run0179,det_h1-3,2.59376E-11,6.20848,0
run0179,det_h1-4,5.68299E-09,0.0643567,0
run0180,det_h0-0,0.827621,0.0946622,0
run0180,det_h0-1,0.999715,0.0547853,0
run0180,det_h0-2,2.645E-10,0.00582069,0
run0180,det_h0-3,0.618532,0.44309,0
run0180,det_h0-4,0.652304,0.129459,0
run0180,det_h0-5,0.31489,0.493775,0
run0180,det_h0-6,0.875175,0.0850482,0
run0180,det_h0-7,0.0257601,0.0115837,0
run0180,det_h1-0,0.778401,0.0487951,0
run0180,det_h1-1,1.46021E-09,0.276344,0
run0180,det_h1-2,0.477219,0.0435701,0
run0180,det_h1-3,9.00548E-11,0.0250731,0
run0180,det_h1-4,0.0222632,0.021007,0
run0181,det_h0-0,0.838344,0.0929186,0
run0181,det_h0-1,0.383183,0.190928,0
run0181,det_h0-2,0.23262,0.276031,0
run0181,det_h0-3,0.770942,0.103874,0
run0181,det_h0-4,0.437934,0.390723,0
run0181,det_h0-5,7.10586E-11,0.0181232,0
run0181,det_h0-6,0.88044,0.0539604,0
run0181,det_h0-7,0.599314,0.09446,0
run0181,det_h1-0,9.75523E-08,0.529714,0
run0181,det_h1-1,2.7716E-13,0.00786354,0
run0181,det_h1-2,0.0410823,0.0151384,0
run0181,det_h1-3,1.03418E-09,0.0224729,0
run0181,det_h1-4,0.811075,0.110433,0
run0183,det_h0-0,0.83381,0.0636697,0
run0183,det_h0-1,0.83798,0.110891,0
run0183,det_h0-2,0.0974999,0.0675446,0
run0183,det_h0-3,0.320372,0.150609,0
run0183,det_h0-4,0.0273069,0.0253419,0
run0183,det_h0-5,0.530447,0.138839,0
run0183,det_h0-6,0.69023,0.0673601,0
run0183,det_h0-7,0.740119,0.420043,0
run0183,det_h1-0,0.555719,0.0669359,0
run0183,det_h1-1,0.135755,0.148578,0
run0183,det_h1-2,0.00878212,0.00456504,0
run0183,det_h1-3,2.45322E-10,0.0262524,0
run0183,det_h1-4,0.467743,0.228286,0
run0184,det_h0-0,0.287722,0.16191,0
run0184,det_h0-1,1.04714,0.0731208,0
run0184,det_h0-2,0.408458,0.0644234,0
run0184,det_h0-3,1.38972E-11,0.0302914,0
run0184,det_h0-4,0.650501,0.0693499,0
run0184,det_h0-5,0.818177,0.0754144,0
run0184,det_h0-6,0.600858,0.227641,0
run0184,det_h0-7,0.746128,0.0729706,0
run0184,det_h1-0,1.0184E-09,0.0370949,0
run0184,det_h1-1,0.269044,0.062408,0
run0184,det_h1-2,0.00527049,0.0132825,0
run0184,det_h1-3,3.67439E-10,0.0465167,0
run0184,det_h1-4,2.4007E-10,0.0124772,0
run0185,det_h0-0,0.626194,0.463699,0
run0185,det_h0-1,0.0168687,0.0427706,0
run0185,det_h0-2,0.321782,0.167855,0
run0185,det_h0-3,0.013922,0.0496283,0
run0185,det_h0-4,0.0133725,0.0129151,0
run0185,det_h0-5,0.0297908,0.199934,0
run0185,det_h0-6,1.19421E-08,0.220995,0
run0185,det_h0-7,0.00654667,0.0149504,0
run0185,det_h1-0,0.665699,0.103915,0
run0185,det_h1-1,0.117213,0.105806,0
run0185,det_h1-2,0.473684,0.0570895,0
run0185,det_h1-3,2.68642E-13,0.0308218,0
run0185,det_h1-4,0.585578,0.145364,0
run0186,det_h0-0,0.779041,0.0903648,0
run0186,det_h0-1,0.799903,0.206927,0
run0186,det_h0-2,0.345739,0.0436593,0
run0186,det_h0-3,0.223259,0.096602,0
run0186,det_h0-4,0.980757,0.106013,0
run0186,det_h0-5,0.0203105,0.0126542,0
run0186,det_h0-6,0.0122927,0.102386,0
run0186,det_h0-7,0.0776569,0.238819,0
run0186,det_h1-0,0.86446,0.0892689,0
run0186,det_h1-1,1.81222E-10,0.0241781,0
run0186,det_h1-2,0.0899398,0.106908,0
run0186,det_h1-3,0.109784,0.113717,0
run0186,det_h1-4,6.67423E-11,0.0189446,0
run0187,det_h0-0,0.633897,0.209734,0
run0187,det_h0-1,0.636965,0.225732,0
run0187,det_h0-2,0.249178,0.158659,0
run0187,det_h0-3,0.366375,0.325505,0
run0187,det_h0-4,1.83364E-13,0.0045692,0
run0187,det_h0-5,0.679967,0.327994,0
run0187,det_h0-6,5.02028E-12,0.00807607,0
run0187,det_h0-7,0.420501,0.313184,0
run0187,det_h1-0,2.71818E-10,0.0707014,0
run0187,det_h1-1,0.445297,0.150577,0
run0187,det_h1-2,6.02081E-09,0.0410379,0
run0187,det_h1-3,1.69985E-10,0.0130338,0
run0187,det_h1-4,6.34906E-09,0.0206151,0
run0188,det_h0-0,1.14568,0.0788389,0
run0188,det_h0-1,1.4559,0.106965,0
run0188,det_h0-2,0.303102,0.0574963,0
run0188,det_h0-3,0.86165,0.112223,0
run0188,det_h0-4,1.185,0.140166,0
run0188,det_h0-5,0.0498633,0.0424068,0
run0188,det_h0-6,0.656377,0.146074,0
run0188,det_h0-7,4.94529E-11,0.022998,0
run0188,det_h1-0,0.192928,0.270521,0
run0188,det_h1-1,1.23582E-10,0.057128,0
run0188,det_h1-2,0.431242,0.159564,0
run0188,det_h1-3,3.03726E-09,0.110738,0
run0188,det_h1-4,1.36246,0.178825,0
run0189,det_h0-0,1.08769,0.556206,0
run0189,det_h0-1,3.3029E-12,0.00657466,0
run0189,det_h0-2,0.0286767,0.0321185,0
run0189,det_h0-3,1.0532,0.0851169,0
run0189,det_h0-4,1.01897,0.192672,0
run0189,det_h0-5,0.893292,0.323485,0
run0189,det_h0-6,3.67749E-09,0.146946,0
run0189,det_h0-7,6.24982E-07,2.58566,0
run0189,det_h1-0,0.767988,0.0622114,0
run0189,det_h1-1,3.5277E-14,0.00146893,0
run0189,det_h1-2,9.21848E-10,0.0751186,0
run0189,det_h1-3,0,0.0684961,0
run0189,det_h1-4,1.3344E-12,0.00393041,0
run0190,det_h0-0,1.33209,0.139099,0
run0190,det_h0-1,0.888627,0.165665,0
run0190,det_h0-2,0.000768149,0.956145,0
run0190,det_h0-3,0.994308,0.0680348,0
run0190,det_h0-4,1.10051,0.0763127,0
run0190,det_h0-5,1.00299,0.176659,0
run0190,det_h0-6,1.16938,0.0611267,0
run0190,det_h0-7,1.1769,0.0699254,0
run0190,det_h1-0,6.63787E-11,0.0489329,0
run0190,det_h1-1,0.692552,0.206629,0
run0190,det_h1-2,0.676795,0.187443,0
run0190,det_h1-3,0.407324,0.281712,0
run0190,det_h1-4,1.60947,0.14413,0
run0191,det_h0-0,1.33895E-13,0.00111021,0
run0191,det_h0-1,1.50203,0.0691219,0
run0191,det_h0-2,4.00565E-09,0.0313044,0
run0191,det_h0-3,0.897384,0.109651,0
run0191,det_h0-4,1.24618,0.0695615,0
run0191,det_h0-5,0.663139,1.51712,0
run0191,det_h0-6,1.26155,0.0652284,0
run0191,det_h0-7,0.0307806,0.0425238,0
run0191,det_h1-0,8.55367E-10,0.016169,0
run0191,det_h1-1,2.07006E-11,0.00869488,0
run0191,det_h1-2,0.0617567,0.083969,0
run0191,det_h1-3,3.17933E-10,0.0240108,0
run0191,det_h1-4,1.79302,0.0840351,0
run0192,det_h0-0,0.869013,0.163242,0
run0192,det_h0-1,4.91043E-11,0.0225452,0
run0192,det_h0-2,0.579122,0.0848607,0
run0192,det_h0-3,1.24061,0.0687646,0
run0192,det_h0-4,1.22369,0.140537,0
run0192,det_h0-5,0.000372013,12.6951,0
run0192,det_h0-6,1.37894,0.0660003,0
run0192,det_h0-7,0.417741,0.113159,0
run0192,det_h1-0,1.09059E-11,0.0199173,0
run0192,det_h1-1,2.01995E-11,0.00737362,0
run0192,det_h1-2,2.62181E-10,0.0117281,0
run0192,det_h1-3,3.6846E-11,0.0220116,0
run0192,det_h1-4,0.986624,0.229517,0
run0193,det_h0-0,0.951358,0.0505263,0
run0193,det_h0-1,0.300046,0.0549813,0
run0193,det_h0-2,0.462077,0.0403538,0
run0193,det_h0-3,2.53283E-09,0.0164576,0
run0193,det_h0-4,0.692117,0.0889689,0
run0193,det_h0-5,1.18829,0.0654764,0
run0193,det_h0-6,0.829894,0.0495188,0
run0193,det_h0-7,0.782174,0.0415472,0
run0193,det_h1-0,0.820162,0.0434777,0
run0193,det_h1-1,0.697204,0.0536191,0
run0193,det_h1-2,3.70404E-12,0.050939,0
run0193,det_h1-3,1.21625E-12,0.00951899,0
run0193,det_h1-4,1.09211,0.0502252,0
run0194,det_h0-0,5.18556E-12,0.00705767,0
run0194,det_h0-1,4.63315E-12,0.00632204,1
run0194,det_h0-2,0.33422,0.0310428,0
run0194,det_h0-3,0.653162,0.0535125,0
run0194,det_h0-4,0.524699,0.0413895,0
run0194,det_h0-5,0.512059,0.144165,0
run0194,det_h0-6,0.568663,0.0601863,0
run0194,det_h0-7,0.538537,0.042295,0
run0194,det_h1-0,0.515796,0.041128,0
run0194,det_h1-1,0.400629,0.0318546,0
run0194,det_h1-2,3.02226E-13,0.00274507,0
run0194,det_h1-3,6.57415E-10,0.013566,0
run0194,det_h1-4,0.694199,0.0515071,0
run0195,det_h0-0,0.317989,0.0282237,0
run0195,det_h0-1,0.457776,0.031966,0
run0195,det_h0-2,0.196309,0.0210947,0
run0195,det_h0-3,0.391288,0.0345632,0
run0195,det_h0-4,0.462115,0.0381474,0
run0195,det_h0-5,1.59505E-11,0.0105286,0
run0195,det_h0-6,0.306486,0.0322136,0
run0195,det_h0-7,0.29261,0.0879363,0
run0195,det_h1-0,0.282022,0.0371153,0
run0195,det_h1-1,0.285402,0.023975,0
run0195,det_h1-2,2.17861E-12,0.00146011,0
run0195,det_h1-3,2.42518E-12,0.00290032,0
run0195,det_h1-4,0.471827,0.0503855,0
run0196,det_h0-0,0.300954,0.0212972,0
run0196,det_h0-1,0.376533,0.0260156,0
run0196,det_h0-2,0.177265,0.016819,0
run0196,det_h0-3,0.298659,0.0202953,0
run0196,det_h0-4,0.346771,0.0205107,0
run0196,det_h0-5,0.373775,0.0352428,0
run0196,det_h0-6,3.59959E-12,0.00687616,1
run0196,det_h0-7,0.360351,0.0248377,0
run0196,det_h1-0,0.27175,0.0232475,0
run0196,det_h1-1,0.267689,0.0158675,0
run0196,det_h1-2,0.221441,0.00922727,0
run0196,det_h1-3,0.281914,0.0199767,0
run0196,det_h1-4,0.419425,0.0231134,0
run0197,det_h0-0,0.364094,0.0167074,0
run0197,det_h0-1,0.439617,0.0207068,0
run0197,det_h0-2,0.147572,0.0284997,0
run0197,det_h0-3,0.291907,0.0257897,0
run0197,det_h0-4,0.339958,0.0215754,0
run0197,det_h0-5,0.349022,0.0358611,0
run0197,det_h0-6,0.401184,0.0242421,0
run0197,det_h0-7,0.356112,0.0215349,0
run0197,det_h1-0,0.359818,0.0213754,0
run0197,det_h1-1,0.28894,0.0136502,0
run0197,det_h1-2,0.231249,0.0107239,0
run0197,det_h1-3,0.335935,0.0222691,0
run0197,det_h1-4,0.451074,0.022152,0
run0198,det_h0-0,0.589306,0.0272708,0
run0198,det_h0-1,0.671789,0.0321504,0
run0198,det_h0-2,0.279931,0.0214792,0
run0198,det_h0-3,0.449892,0.0409287,0
run0198,det_h0-4,0.537724,0.0318339,0
run0198,det_h0-5,0.632095,0.0481236,0
run0198,det_h0-6,0.535587,0.0371983,0
run0198,det_h0-7,0.426056,0.0359481,0
run0198,det_h1-0,0.510873,0.0273128,0
run0198,det_h1-1,0.380585,0.0205046,0
run0198,det_h1-2,0.363751,0.0343773,0
run0198,det_h1-3,0.602992,0.033768,0
run0198,det_h1-4,0.762465,0.0308006,0
run0199,det_h0-0,1.10647,0.0388195,0
run0199,det_h0-1,1.12917,0.0405053,0
run0199,det_h0-2,0.449668,0.0768852,0
run0199,det_h0-3,0.831848,0.0371194,0
run0199,det_h0-4,0.909249,0.0401943,0
run0199,det_h0-5,0.817837,0.110409,0
run0199,det_h0-6,1.05792,0.0447415,0
run0199,det_h0-7,0.906571,0.0381966,0
run0199,det_h1-0,0.885704,0.059265,0
run0199,det_h1-1,0.728579,0.0410016,0
run0199,det_h1-2,9.70923E-11,0.0152056,0
run0199,det_h1-3,3.10295E-10,0.16314,0
run0199,det_h1-4,1.21662,0.0447953,0
run0200,det_h0-0,6.21883E-12,0.0105265,0
run0200,det_h0-1,0.391545,0.0437945,0
run0200,det_h0-2,2.33445E-10,0.0128086,0
run0200,det_h0-3,0.435711,0.0653257,0
run0200,det_h0-4,0.266177,0.0434608,0
run0200,det_h0-5,0.12094,0.0738693,0
run0200,det_h0-6,0.203231,0.0695685,0
run0200,det_h0-7,0.283749,0.0597426,0
run0200,det_h1-0,1.85068E-11,0.00133229,0
run0200,det_h1-1,0.225607,0.0380913,0
run0200,det_h1-2,0.246097,0.0200726,0
run0200,det_h1-3,0.30727,0.0427908,0
run0200,det_h1-4,0.418439,0.0367957,0
run0201,det_h0-0,3.33634E-10,0.00789809,0
run0201,det_h0-1,0.584291,0.0808835,0
run0201,det_h0-2,0.208306,0.0535464,0
run0201,det_h0-3,0.382086,0.0613978,0
run0201,det_h0-4,0.415722,0.115009,0
run0201,det_h0-5,0.301828,0.078108,0
run0201,det_h0-6,0.594013,0.0535114,0
run0201,det_h0-7,0.389668,0.0427318,0
run0201,det_h1-0,0.35952,0.0396982,0
run0201,det_h1-1,1.16942E-10,0.010056,0
run0201,det_h1-2,0.0578417,0.078327,0
run0201,det_h1-3,0.0214276,0.0123167,0
run0201,det_h1-4,0.511292,0.099065,0
run0202,det_h0-0,0.542505,0.0350042,0
run0202,det_h0-1,0.638108,0.0236691,0
run0202,det_h0-2,0.347326,0.0179782,0
run0202,det_h0-3,1.6907E-12,0.00768197,0
run0202,det_h0-4,0.49764,0.0300696,0
run0202,det_h0-5,0.594441,0.0289603,0
run0202,det_h0-6,0.570953,0.0205179,0
run0202,det_h0-7,0.506898,0.0228661,0
run0202,det_h1-0,4.35227E-11,0.00485513,0
run0202,det_h1-1,0.356461,0.0750525,1
run0202,det_h1-2,8.73767E-05,0.541981,0
run0202,det_h1-3,0.612519,0.0285694,0
run0202,det_h1-4,0.686268,0.0319352,0
run0203,det_h0-0,0.705071,0.043247,0
run0203,det_h0-1,0.874575,0.0769915,0
run0203,det_h0-2,0.269867,0.0767582,0
run0203,det_h0-3,0.813552,0.0330823,0
run0203,det_h0-4,0.943001,0.0276338,0
run0203,det_h0-5,1.11631,0.0318061,0
run0203,det_h0-6,0.909814,0.0439732,0
run0203,det_h0-7,2.71175E-10,0.00399738,0
run0203,det_h1-0,0.826246,0.027564,0
run0203,det_h1-1,0.303469,0.262982,0
run0203,det_h1-2,0.108093,0.0259584,0
run0203,det_h1-3,3.00362E-12,0.00916511,0
run0203,det_h1-4,1.15131,0.0426846,0
run0204,det_h0-0,2.06253E-12,0.00648512,0
run0204,det_h0-1,2.76156E-12,0.00749407,0
run0204,det_h0-2,0.398534,0.109103,0
run0204,det_h0-3,6.70905E-09,0.0257994,0
run0204,det_h0-4,1.98187,0.0801734,0
run0204,det_h0-5,1.54341,0.312268,0
run0204,det_h0-6,1.20952,0.116238,0
run0204,det_h0-7,0.836793,0.219626,0
run0204,det_h1-0,1.93167,0.0412196,0
run0204,det_h1-1,2.25522E-11,0.00738007,0
run0204,det_h1-2,0.607783,0.152903,0
run0204,det_h1-3,0.422075,0.240216,0
run0204,det_h1-4,1.9342,0.190735,0
run0205,det_h0-0,0.842534,0.0935574,0
run0205,det_h0-1,2.18714,0.109025,0
run0205,det_h0-2,0.0117556,0.0284812,0
run0205,det_h0-3,1.50918,0.0414686,0
run0205,det_h0-4,1.70013E-11,0.0434047,0
run0205,det_h0-5,1.77343,0.0480353,0
run0205,det_h0-6,1.74051,0.0501773,0
run0205,det_h0-7,0.879553,0.148456,0
run0205,det_h1-0,0.898084,0.130047,0
run0205,det_h1-1,5.29505E-15,0.00309879,0
run0205,det_h1-2,0.179378,0.0413376,0
run0205,det_h1-3,0.495069,0.248402,0
run0205,det_h1-4,2.18525,0.0589594,0
run0206,det_h0-0,2.2313,0.0356599,0
run0206,det_h0-1,2.54512,0.0283483,0
run0206,det_h0-2,1.44826E-13,0.00176989,0
run0206,det_h0-3,1.20942,0.0753179,0
run0206,det_h0-4,1.46283,0.173879,0
run0206,det_h0-5,2.40318,0.0263001,1
run0206,det_h0-6,2.22982,0.0227759,1
run0206,det_h0-7,1.12137,0.0740002,0
run0206,det_h1-0,1.0893,0.0959771,0
run0206,det_h1-1,1.29612,0.0902587,0
run0206,det_h1-2,0.701623,0.141459,0
run0206,det_h1-3,1.08841,0.386396,0
run0206,det_h1-4,2.60444,0.0595975,0
run0207,det_h0-0,3.70591,0.040386,0
run0207,det_h0-1,4.22113,0.0378261,0
run0207,det_h0-2,1.60663,0.115776,0
run0207,det_h0-3,0.00687196,0.018618,0
run0207,det_h0-4,2.54254,0.106264,0
run0207,det_h0-5,2.38015,0.147118,0
run0207,det_h0-6,3.72925,0.0341374,0
run0207,det_h0-7,1.97606,0.240843,0
run0207,det_h1-0,3.22303,0.0270701,0
run0207,det_h1-1,2.3098,0.107644,0
run0207,det_h1-2,1.52088,0.11357,0
run0207,det_h1-3,1.23748,0.54105,0
run0207,det_h1-4,4.44194,0.0420572,0
run0208,det_h0-0,4.50789,0.10526,0
run0208,det_h0-1,1.21326,0.0911374,0
run0208,det_h0-2,1.86525,0.257605,0
run0208,det_h0-3,2.3045,0.290363,0
run0208,det_h0-4,2.35392,0.331763,0
run0208,det_h0-5,0.000283639,104.619,0
run0208,det_h0-6,3.96148,0.145369,0
run0208,det_h0-7,3.4145,0.146425,0
run0208,det_h1-0,3.44974,0.106542,0
run0208,det_h1-1,2.60076,0.299717,0
run0208,det_h1-2,0.0685722,0.0204164,0
run0208,det_h1-3,3.3037,0.711746,0
run0208,det_h1-4,6.22303,0.0476934,0
run0209,det_h0-0,4.6606,0.0346402,0
run0209,det_h0-1,4.59462,0.181,0
run0209,det_h0-2,0.488479,0.287569,0
run0209,det_h0-3,3.93108,0.0312713,0
run0209,det_h0-4,4.18351,0.0381117,0
run0209,det_h0-5,4.19761,0.320297,0
run0209,det_h0-6,4.6141,0.0337421,0
run0209,det_h0-7,0.000197335,0.364608,0
run0209,det_h1-0,4.04136,0.036016,0
run0209,det_h1-1,2.31967,0.297798,1
run0209,det_h1-2,0.117136,0.0393111,0
run0209,det_h1-3,3.88084,0.328365,0
run0209,det_h1-4,5.46389,0.11144,0
run0210,det_h0-0,2.65303,0.111925,0
run0210,det_h0-1,3.59734,0.0327998,0
run0210,det_h0-2,4.05731E-11,0.00418774,0
run0210,det_h0-3,1.79698,0.0924967,0
run0210,det_h0-4,0.874527,1.27061,0
run0210,det_h0-5,2.22618,0.533739,0
run0210,det_h0-6,2.9992,0.0308826,0
run0210,det_h0-7,2.77391,0.0268608,0
run0210,det_h1-0,4.97319E-12,0.00058563,1
run0210,det_h1-1,1.98675,0.119925,0
run0210,det_h1-2,0.0331566,0.0229376,0
run0210,det_h1-3,0.871581,0.341602,0
run0210,det_h1-4,3.61768,0.0346002,0
run0211,det_h0-0,1.62552,0.0365986,0
run0211,det_h0-1,0.818874,0.0396034,1
run0211,det_h0-2,0.733364,0.0223648,0
run0211,det_h0-3,1.44023,0.0200566,0
run0211,det_h0-4,0.527671,0.0478619,0
run0211,det_h0-5,1.83445,0.0264662,0
run0211,det_h0-6,1.65988,0.023715,0
run0211,det_h0-7,0.743414,0.077352,0
run0211,det_h1-0,1.50861,0.0217878,0
run0211,det_h1-1,1.1462,0.0690954,0
run0211,det_h1-2,0.981979,0.0194207,0
run0211,det_h1-3,0.695688,0.143838,0
run0211,det_h1-4,1.57075,0.0596273,1
run0212,det_h0-0,0.845642,0.0106179,0
run0212,det_h0-1,0.992637,0.0146772,0
run0212,det_h0-2,0.28995,0.0153334,0
run0212,det_h0-3,0.573396,0.0247322,1
run0212,det_h0-4,0.773797,0.0136203,0
run0212,det_h0-5,0.699529,0.0220817,1
run0212,det_h0-6,0.810568,0.0169515,0
run0212,det_h0-7,0.763976,0.0116697,0
run0212,det_h1-0,0.672038,0.0230842,1
run0212,det_h1-1,0.596726,0.0118451,0
run0212,det_h1-2,0.179966,0.0370012,0
run0212,det_h1-3,0.8398,0.0201348,0
run0212,det_h1-4,0.990433,0.0163628,0
run0213,det_h0-0,0.486604,0.017697,0
run0213,det_h0-1,0.574891,0.0170286,0
run0213,det_h0-2,1.03187E-11,0.00151652,0
run0213,det_h0-3,0.44921,0.0155119,0
run0213,det_h0-4,0.481012,0.0132043,0
run0213,det_h0-5,0.613935,0.0157818,0
run0213,det_h0-6,0.414056,0.0177624,1
run0213,det_h0-7,0.469402,0.0224636,0
run0213,det_h1-0,0.456029,0.0160857,0
run0213,det_h1-1,0.391562,0.0132433,0
run0213,det_h1-2,0.299203,0.0169299,0
run0213,det_h1-3,0.45346,0.0191815,0
run0213,det_h1-4,0.595402,0.0198596,0
run0214,det_h0-0,0.379343,0.0101327,0
run0214,det_h0-1,0.352058,0.0119466,1
run0214,det_h0-2,0.181244,0.00930127,0
run0214,det_h0-3,0.29701,0.0234419,0
run0214,det_h0-4,0.308324,0.0228466,0
run0214,det_h0-5,0.383393,0.0130973,0
run0214,det_h0-6,0.354779,0.023572,0
run0214,det_h0-7,0.317485,0.0279178,0
run0214,det_h1-0,0.363763,0.0150739,1
run0214,det_h1-1,0.30088,0.00869035,0
run0214,det_h1-2,0.247491,0.0117092,0
run0214,det_h1-3,0.360529,0.0137374,0
run0214,det_h1-4,0.411498,0.0228712,0
run0215,det_h0-0,0.354773,0.0110908,1
run0215,det_h0-1,0.332524,0.0110375,1
run0215,det_h0-2,0.140444,0.0105261,0
run0215,det_h0-3,0.305382,0.0121371,0
run0215,det_h0-4,0.274126,0.0230604,0
run0215,det_h0-5,0.373174,0.0152692,0
run0215,det_h0-6,0.310921,0.0164857,0
run0215,det_h0-7,0.276335,0.016423,0
run0215,det_h1-0,0.301467,0.0112188,0
run0215,det_h1-1,0.243791,0.0085256,0
run0215,det_h1-2,0.202118,0.0172412,0
run0215,det_h1-3,0.293944,0.0140771,0
run0215,det_h1-4,0.378367,0.0151293,0
run0216,det_h0-0,0.406251,0.030236,0
run0216,det_h0-1,0.491999,0.0352442,0
run0216,det_h0-2,2.01983E-10,0.00348579,0
run0216,det_h0-3,1.20552E-11,0.007654,0
run0216,det_h0-4,0.385331,0.0327431,0
run0216,det_h0-5,0.00202956,0.00255621,0
run0216,det_h0-6,0.319679,0.0379078,0
run0216,det_h0-7,5.64968E-13,0.00726464,0
run0216,det_h1-0,4.01489E-11,0.00864858,0
run0216,det_h1-1,0.303659,0.0297484,0
run0216,det_h1-2,0.185067,0.0246081,0
run0216,det_h1-3,6.72717E-14,0.00431925,0
run0216,det_h1-4,0.392897,0.0257411,0
run0217,det_h0-0,0.31772,0.102384,0
run0217,det_h0-1,0.248108,0.0834652,0
run0217,det_h0-2,0.210798,0.0276302,0
run0217,det_h0-3,3.34688E-10,0.0108239,0
run0217,det_h0-4,0.464303,0.0382376,0
run0217,det_h0-5,0.260021,0.0473625,0
run0217,det_h0-6,1.33983E-12,0.00303873,0
run0217,det_h0-7,0.427644,0.0707199,0
run0217,det_h1-0,5.32486E-10,0.0112973,0
run0217,det_h1-1,0.372605,0.0382111,0
run0217,det_h1-2,0.139593,0.149183,0
run0217,det_h1-3,2.13545E-11,0.000993984,0
run0217,det_h1-4,0.621287,0.0370239,0
run0218,det_h0-0,0.604532,0.0371626,0
run0218,det_h0-1,0.717785,0.0290413,0
run0218,det_h0-2,0.205719,0.0374137,0
run0218,det_h0-3,3.41032E-12,0.00320145,0
run0218,det_h0-4,0.303064,0.0892282,0
run0218,det_h0-5,0.661658,0.0273162,0
run0218,det_h0-6,0.675014,0.0248706,0
run0218,det_h0-7,0.545818,0.0398538,0
run0218,det_h1-0,1.56195E-09,0.00929729,0
run0218,det_h1-1,5.63125E-13,0.00249445,0
run0218,det_h1-2,3.96833E-10,0.0658075,0
run0218,det_h1-3,0.447535,0.121906,0
run0218,det_h1-4,0.457968,0.0995947,0
run0219,det_h0-0,0.240242,0.0136516,0
run0219,det_h0-1,0.251274,0.0199144,0
run0219,det_h0-2,0.106475,0.017824,0
run0219,det_h0-3,0.0848825,0.0347819,0
run0219,det_h0-4,0.21486,0.0145245,0
run0219,det_h0-5,0.181722,0.0153949,0
run0219,det_h0-6,0.209662,0.0113856,0
run0219,det_h0-7,0.209184,0.0170112,0
run0219,det_h1-0,0.201999,0.0132668,0
run0219,det_h1-1,0.15997,0.0115949,0
run0219,det_h1-2,0.135223,0.011319,0
run0219,det_h1-3,0,0.00383442,0
run0219,det_h1-4,1.53703E-12,0.000916911,1
run0220,det_h0-0,0.103779,0.0137942,0
run0220,det_h0-1,0.125747,0.0141064,0
run0220,det_h0-2,0.0553622,0.0114032,0
run0220,det_h0-3,0.0858659,0.0106514,0
run0220,det_h0-4,0.133916,0.0323686,0
run0220,det_h0-5,0.12193,0.0164425,0
run0220,det_h0-6,0.13329,0.0194164,0
run0220,det_h0-7,0.123791,0.0160863,0
run0220,det_h1-0,0.122425,0.0109672,0
run0220,det_h1-1,1.82573E-09,0.0186415,0
run0220,det_h1-2,0.0585731,0.0102255,0
run0220,det_h1-3,0.0984295,0.0113044,0
run0220,det_h1-4,0.10139,0.00900085,0
run0221,det_h0-0,0.0916205,0.0112547,0
run0221,det_h0-1,0.110132,0.0105327,0
run0221,det_h0-2,0.0405508,0.0103639,0
run0221,det_h0-3,0.0662767,0.00996791,0
run0221,det_h0-4,0.0785947,0.0108692,0
run0221,det_h0-5,0.0999768,0.0246384,0
run0221,det_h0-6,0.0975417,0.0160301,0
run0221,det_h0-7,0.0698439,0.0131507,0
run0221,det_h1-0,0.100593,0.00702337,1
run0221,det_h1-1,2.20472E-12,0.00739301,1
run0221,det_h1-2,0.056624,0.031908,0
run0221,det_h1-3,0.0900554,0.00999795,0
run0221,det_h1-4,0.0959676,0.0136708,0
run0222,det_h0-0,0.137762,0.0154733,0
run0222,det_h0-1,0.0810087,0.0122986,0
run0222,det_h0-2,0.0104977,0.00688692,0
run0222,det_h0-3,0.0544905,0.0190251,0
run0222,det_h0-4,0.0697593,0.014863,0
run0222,det_h0-5,0.050432,0.0155474,0
run0222,det_h0-6,0.0777793,0.0124273,0
run0222,det_h0-7,0.104891,0.0151448,0
run0222,det_h1-0,0.0808087,0.0110563,0
run0222,det_h1-1,0.0522593,0.00924882,0
run0222,det_h1-2,0.0746404,0.00873764,0
run0222,det_h1-3,0.0834351,0.0152027,0
run0222,det_h1-4,0.134239,0.0173647,0
run0223,det_h0-0,5.00406E-14,0.00103031,0
run0223,det_h0-1,0.249302,0.0225834,0
run0223,det_h0-2,0.144019,0.0391782,0
run0223,det_h0-3,0.248389,0.02252,0
run0223,det_h0-4,0.252036,0.0445897,0
run0223,det_h0-5,0.236705,0.0333197,0
run0223,det_h0-6,0.119024,0.0524611,0
run0223,det_h0-7,0.20907,0.0158928,0
run0223,det_h1-0,0.213503,0.0182066,0
run0223,det_h1-1,1.85669E-11,0.00366693,0
run0223,det_h1-2,0.0030562,0.0016745,0
run0223,det_h1-3,1.11895E-09,0.00343851,0
run0223,det_h1-4,0.345761,0.0247516,0
run0224,det_h0-0,0.377798,0.0295318,0
run0224,det_h0-1,0.399484,0.0858782,0
run0224,det_h0-2,0.00421328,0.00398961,0
run0224,det_h0-3,2.63513E-11,0.00896632,0
run0224,det_h0-4,7.97583E-10,0.00761561,0
run0224,det_h0-5,0.26995,0.0448145,0
run0224,det_h0-6,0.124773,0.0356326,0
run0224,det_h0-7,4.39154E-05,0.859728,0
run0224,det_h1-0,0.152537,0.0429527,0
run0224,det_h1-1,0.200484,0.0433148,0
run0224,det_h1-2,0.18007,0.0192841,0
run0224,det_h1-3,5.40494E-10,0.0046928,0
run0224,det_h1-4,0.465133,0.0300126,0
run0225,det_h0-0,0.001808,0.00927271,0
run0225,det_h0-1,4.44563E-09,0.0335344,0
run0225,det_h0-2,0.0073597,0.00830823,0
run0225,det_h0-3,2.69012E-11,0.0202794,0
run0225,det_h0-4,1.01349E-11,0.0326543,0
run0225,det_h0-5,0.26428,0.0510273,0
run0225,det_h0-6,0.00952706,0.00423865,0
run0225,det_h0-7,0.0613432,0.140945,0
run0225,det_h1-0,0.152785,0.0253392,0
run0225,det_h1-1,0.126307,0.0213119,0
run0225,det_h1-2,1.23395E-11,0.0163717,0
run0225,det_h1-3,9.68938E-10,0.110328,0
run0225,det_h1-4,0.223538,0.0352145,0
run0226,det_h0-0,5.94862E-10,0.0182001,0
run0226,det_h0-1,3.22631E-12,0.0527916,0
run0226,det_h0-2,2.35057E-11,0.0117892,0
run0226,det_h0-3,0.317517,0.0604196,0
run0226,det_h0-4,5.49298E-11,0.0559658,0
run0226,det_h0-5,0.0133732,0.00627276,0
run0226,det_h0-6,0.156275,0.0255052,0
run0226,det_h0-7,0.224682,0.14016,0
run0226,det_h1-0,0.27538,0.039336,0
run0226,det_h1-1,3.00747E-09,0.0331826,0
run0226,det_h1-2,0.0490371,0.0340079,0
run0226,det_h1-3,7.74893E-11,0.132832,0
run0226,det_h1-4,8.62657E-09,0.0449321,0
run0227,det_h0-0,0.256054,0.636415,0
run0227,det_h0-1,0.673629,0.222205,0
run0227,det_h0-2,0.161768,0.186349,0
run0227,det_h0-3,1.33578E-09,0.151121,0
run0227,det_h0-4,0.228293,0.263951,0
run0227,det_h0-5,0.099962,0.0875815,0
run0227,det_h0-6,0.367349,0.100496,0
run0227,det_h0-7,0.260296,0.523284,0
run0227,det_h1-0,4.70442E-09,0.0236334,0
run0227,det_h1-1,0.325985,0.138915,0
run0227,det_h1-2,1.38623E-12,0.0103418,0
run0227,det_h1-3,4.80656E-07,15.9049,0
run0227,det_h1-4,4.19373E-10,0.0274447,0
run0228,det_h0-0,2.68881,0.129412,0
run0228,det_h0-1,2.3537,0.146473,0
run0228,det_h0-2,0.430456,0.676242,0
run0228,det_h0-3,1.97226,0.183653,0
run0228,det_h0-4,1.50881,4.07947,0
run0228,det_h0-5,2.8744E-08,1.96739,0
run0228,det_h0-6,2.32424,0.100442,0
run0228,det_h0-7,0.0757991,0.151546,0
run0228,det_h1-0,0.00565617,0.00674328,0
run0228,det_h1-1,1.21332E-08,0.432039,0
run0228,det_h1-2,0.0533667,0.140543,0
run0228,det_h1-3,4.47893E-08,5.15239,0
run0228,det_h1-4,4.30151E-08,0.281786,0
run0229,det_h0-0,0.10076,0.0761456,0
run0229,det_h0-1,7.22845E-10,0.0667497,0
run0229,det_h0-2,0.342097,0.0409894,0
run0229,det_h0-3,2.58675E-12,0.0207303,0
run0229,det_h0-4,1.45675E-09,0.321075,0
run0229,det_h0-5,0.112697,0.105039,0
run0229,det_h0-6,0.058155,0.0940761,0
run0229,det_h0-7,0.0763354,0.0836802,0
run0229,det_h1-0,6.10007E-14,0.0418681,0
run0229,det_h1-1,1.83085E-10,0.00929746,0
run0229,det_h1-2,0.468398,0.0417298,0
run0229,det_h1-3,2.71339E-09,0.0457379,0
run0229,det_h1-4,1.00678,0.0553862,0
run0230,det_h0-0,0.160407,0.0278633,0
run0230,det_h0-1,3.53775E-14,0.0129245,0
run0230,det_h0-2,0.0218689,0.0104615,0
run0230,det_h0-3,7.34529E-10,0.00326967,0
run0230,det_h0-4,0.00077253,0.130771,0
run0230,det_h0-5,2.21955E-09,0.0578625,0
run0230,det_h0-6,1.17514E-09,0.13513,0
run0230,det_h0-7,2.05314E-07,0.0125347,0
run0230,det_h1-0,0.113104,0.0238752,0
run0230,det_h1-1,3.81395E-09,0.01636,0
run0230,det_h1-2,3.28819E-11,0.0270301,0
run0230,det_h1-3,0.00506906,0.00404097,0
run0230,det_h1-4,5.9289E-09,0.0292336,0
run0231,det_h0-0,0.107813,0.0106519,0
run0231,det_h0-1,0.096366,0.0218506,0
run0231,det_h0-2,2.76822E-10,0.00665402,0
run0231,det_h0-3,0.0892267,0.0100366,0
run0231,det_h0-4,0.0985626,0.00833953,0
run0231,det_h0-5,0.116064,0.0127387,0
run0231,det_h0-6,0.100456,0.0155597,0
run0231,det_h0-7,0.0624871,0.0126367,0
run0231,det_h1-0,0.088032,0.0110862,0
run0231,det_h1-1,1.38386E-12,0.00011723,0
run0231,det_h1-2,0.0556754,0.0243777,0
run0231,det_h1-3,1.0878E-14,0.00066411,0
run0231,det_h1-4,0.139871,0.0122503,0
run0232,det_h0-0,5.25655E-10,0.00639251,0
run0232,det_h0-1,0.883526,0.100483,0
run0232,det_h0-2,0.0449474,0.0360125,0
run0232,det_h0-3,0.389167,0.549961,0
run0232,det_h0-4,0.761715,0.141164,0
run0232,det_h0-5,1.00883,0.105422,0
run0232,det_h0-6,1.80687E-10,0.0107012,0
run0232,det_h0-7,0.486853,0.137909,0
run0232,det_h1-0,0.813699,0.182603,0
run0232,det_h1-1,1.14112E-08,0.0205964,0
run0232,det_h1-2,0.0670082,0.0444065,0
run0232,det_h1-3,0.0405009,0.0336548,0
run0232,det_h1-4,1.07129,0.217939,0
run0233,det_h0-0,2.79372,0.0674003,0
run0233,det_h0-1,3.17194,0.246645,0
run0233,det_h0-2,0.0947814,0.0819317,0
run0233,det_h0-3,0.218554,0.0848999,0
run0233,det_h0-4,2.24012,0.100999,0
run0233,det_h0-5,0.0539594,0.115507,0
run0233,det_h0-6,1.80412,0.47842,0
run0233,det_h0-7,0.150693,0.119383,0
run0233,det_h1-0,1.00063E-09,0.0219791,0
run0233,det_h1-1,1.47551E-12,0.0323322,0
run0233,det_h1-2,0.0601787,0.104305,0
run0233,det_h1-3,0.223579,0.162735,0
run0233,det_h1-4,2.93335,0.734488,0
run0234,det_h0-0,0.313267,0.0480487,0
run0234,det_h0-1,0.620816,0.102316,0
run0234,det_h0-2,1.45871E-11,0.0136741,0
run0234,det_h0-3,0.422018,0.103838,0
run0234,det_h0-4,0.530332,0.023463,0
run0234,det_h0-5,0.563863,0.0772217,0
run0234,det_h0-6,0.507103,0.0196542,0
run0234,det_h0-7,2.61362E-11,0.0410981,0
run0234,det_h1-0,0.469042,0.0249998,0
run0234,det_h1-1,0.366245,0.0741252,0
run0234,det_h1-2,0.0547977,0.0570979,0
run0234,det_h1-3,0.00145594,0.00568124,0
run0234,det_h1-4,0.679867,0.0822669,0
run0235,det_h0-0,0.15934,0.014419,0
run0235,det_h0-1,0.171301,0.0161441,0
run0235,det_h0-2,0.0178453,0.0107849,0
run0235,det_h0-3,0.127625,0.0209642,0
run0235,det_h0-4,0.170012,0.0140318,0
run0235,det_h0-5,0.144897,0.0128292,0
run0235,det_h0-6,0.147494,0.0123433,0
run0235,det_h0-7,0.0886662,0.0208639,0
run0235,det_h1-0,0.158088,0.0120074,0
run0235,det_h1-1,0.108456,0.0175487,0
run0235,det_h1-2,0.0112219,0.0107954,0
run0235,det_h1-3,0.110446,0.0189972,0
run0235,det_h1-4,0.201632,0.0145788,0
run0236,det_h0-0,0.0715202,0.00670319,0
run0236,det_h0-1,0.0912244,0.0106248,0
run0236,det_h0-2,4.90024E-09,0.0129527,0
run0236,det_h0-3,0.0746794,0.0130813,0
run0236,det_h0-4,0.0652027,0.017896,0
run0236,det_h0-5,0.101255,0.0117061,0
run0236,det_h0-6,0.094528,0.0119294,0
run0236,det_h0-7,0.0629362,0.0190617,0
run0236,det_h1-0,0.0497732,0.00861223,0
run0236,det_h1-1,7.70031E-12,0.000261554,0
run0236,det_h1-2,0.0528543,0.0105534,0
run0236,det_h1-3,1.73934E-11,0.00177535,0
run0236,det_h1-4,0.0881694,0.0112552,0
run0237,det_h0-0,0.0555825,0.00688636,0
run0237,det_h0-1,0.0838475,0.0184441,0
run0237,det_h0-2,0.0296756,0.00904607,0
run0237,det_h0-3,0.0335203,0.00788913,0
run0237,det_h0-4,0.0469217,0.0114783,0
run0237,det_h0-5,0.0529885,0.0168487,0
run0237,det_h0-6,0.0420887,0.0101471,0
run0237,det_h0-7,0.0397931,0.00828174,0
run0237,det_h1-0,0.0611988,0.0099789,0
run0237,det_h1-1,0.0583303,0.00537711,1
run0237,det_h1-2,0.0282499,0.00906014,0
run0237,det_h1-3,0.0723254,0.00531188,1
run0237,det_h1-4,0.0484229,0.00705527,0
run0238,det_h0-0,0.0357634,0.00519262,0
run0238,det_h0-1,0.0288563,0.00515137,0
run0238,det_h0-2,0.0271199,0.0216492,0
run0238,det_h0-3,0.0396369,0.0070496,0
run0238,det_h0-4,0.0291296,0.00423362,0
run0238,det_h0-5,0.0534476,0.0258066,0
run0238,det_h0-6,0.0220493,0.00755323,0
run0238,det_h0-7,0.0120031,0.00515706,0
run0238,det_h1-0,0.0288013,0.00646563,0
run0238,det_h1-1,0.022937,0.00447695,0
run0238,det_h1-2,0.0162208,0.00650406,0
run0238,det_h1-3,0.0289379,0.00807104,0
run0238,det_h1-4,0.0442744,0.0098576,0
run0239,det_h0-0,0.0562698,0.00625442,0
run0239,det_h0-1,0.0524062,0.0080464,0
run0239,det_h0-2,0.0286362,0.012276,0
run0239,det_h0-3,0.0433162,0.00828562,0
run0239,det_h0-4,0.0590804,0.0112934,0
run0239,det_h0-5,0.0830729,0.0454884,0
run0239,det_h0-6,0.0398489,0.00735025,0
run0239,det_h0-7,0.0277865,0.0165921,0
run0239,det_h1-0,0.0526719,0.0108918,0
run0239,det_h1-1,0.0465877,0.00564658,0
run0239,det_h1-2,0.0209881,0.00604262,0
run0239,det_h1-3,0.0580897,0.0121528,0
run0239,det_h1-4,0.0760679,0.00983261,0
run0240,det_h0-0,6.70389E-12,0.00185555,0
run0240,det_h0-1,0.0827184,0.0441137,0
run0240,det_h0-2,1.04099E-11,0.00207497,0
run0240,det_h0-3,0.04057,0.0106876,0
run0240,det_h0-4,0.012217,0.0249431,0
run0240,det_h0-5,2.47184E-09,0.0110328,0
run0240,det_h0-6,0.0318251,0.0112585,0
run0240,det_h0-7,0.0521667,0.0181712,0
run0240,det_h1-0,8.42591E-09,0.0225478,0
run0240,det_h1-1,4.79452E-10,0.00528211,0
run0240,det_h1-2,0.010224,0.00375512,0
run0240,det_h1-3,1.95899E-11,0.00520522,0
run0240,det_h1-4,0.051335,0.0131402,0
run0241,det_h0-0,5.47682E-13,0.016699,0
run0241,det_h0-1,0.149514,0.0748904,0
run0241,det_h0-2,0.00142854,0.00159313,0
