,a0,a1,a2,a3,a4,a5,a6,a7,a8,a9,a10
3.9960199999999997,4.197815279780055e-05,0.0,2.4063623138142794e-05,0.0,-1.6561375172575874e-05,0.0,8.403475775558518e-07,0.0,1.8265826094044071e-06,0.0,4.456390957011192e-06
4.00097,3.802552665362528e-05,0.0,2.2804103285302363e-05,0.0,-1.570951543458665e-05,0.0,4.920791375875682e-06,0.0,2.9384187234564465e-06,0.0,1.8611731635745279e-06
4.00294,3.6063572799090206e-05,0.0,2.0309601457240805e-05,0.0,-1.4367274684092873e-05,0.0,-5.943550803811893e-07,0.0,3.6219327664674873e-06,0.0,3.829941532087125e-06
4.00497,3.515876014830148e-05,0.0,2.140055237249575e-05,0.0,-1.4397983170238517e-05,0.0,2.4242986895797738e-06,0.0,-1.3819292449602758e-06,0.0,5.303509582975687e-06
4.00697,3.3348031557231166e-05,0.0,1.8271596652721928e-05,0.0,-1.2132257915169448e-05,0.0,4.674859744555733e-06,0.0,-1.6093024542422989e-06,0.0,8.202656705840344e-06
4.0090900000000005,3.286531853655756e-05,0.0,1.925918232201299e-05,0.0,-1.3321573069662205e-05,0.0,3.849121997814997e-06,0.0,1.6183196521475243e-06,0.0,4.758970472237174e-06
4.01003,3.230244423591038e-05,0.0,2.0249361147268353e-05,0.0,-1.1477418307742203e-05,0.0,3.945529146520428e-06,0.0,1.1129016746977208e-06,0.0,2.0950033350612864e-06
4.01507,3.124321354398289e-05,0.0,1.7584433173556306e-05,0.0,-1.1726402378654182e-05,0.0,2.2484740113314927e-06,0.0,4.061849669731094e-06,0.0,3.7875283587907615e-06
4.0191099999999995,2.7038760666724397e-05,0.0,1.6854742338198444e-05,0.0,-8.62444617333648e-06,0.0,2.0151294019051994e-06,0.0,4.0023596242199415e-06,0.0,6.523145101119162e-07
4.01992,2.346703822225067e-05,0.0,1.1187607280663529e-05,0.0,-6.4745422142445524e-06,0.0,5.646594184929917e-06,0.0,-2.157347046166364e-06,0.0,2.2228436289827323e-06
4.02504,1.560017408669285e-05,0.0,8.098050631254292e-06,0.0,-4.398660242597056e-06,0.0,1.2141153243560194e-06,0.0,2.000848255583776e-06,0.0,2.1141186948730424e-06
4.02998,9.35367879595677e-06,0.0,5.337221459031151e-06,0.0,-1.3861616940773698e-06,0.0,2.1169577259005147e-06,0.0,-9.071669894279584e-08,0.0,2.1459336594444914e-06
4.03514,7.024542271297092e-06,0.0,3.816538312396003e-06,0.0,-3.0978876368627095e-06,0.0,1.0047284565771485e-06,0.0,1.3056397248392097e-06,0.0,2.1551891921707105e-06
4.26996,3.491795071706302e-05,0.0,1.3011156278321428e-05,0.0,-2.676519524839448e-05,0.0,3.4152158316466926e-06,0.0,5.584462029360381e-06,0.0,-1.714280687600069e-06
4.29005,5.39584593395719e-05,0.0,2.1577816485129985e-05,0.0,-2.700410153316961e-05,0.0,7.496178852042537e-06,0.0,-3.899456700722667e-06,0.0,8.293973023192143e-06
4.291119999999999,7.383333022725533e-05,0.0,3.0176183498321583e-05,0.0,-3.6205721903404645e-05,0.0,8.991357241889554e-06,0.0,1.0579175581089186e-07,0.0,1.043796975361072e-05
4.29319,6.936352674360325e-05,0.0,2.7129309755427567e-05,0.0,-3.34673952218749e-05,0.0,9.203799281226443e-06,0.0,-7.953732570146898e-07,0.0,8.053678213705784e-06
4.2942,7.032183172406952e-05,0.0,3.178766334708381e-05,0.0,-3.963130279285883e-05,0.0,7.392841196938229e-06,0.0,-1.663406728566568e-06,0.0,9.898765431455668e-06
4.29515,6.967614284104196e-05,0.0,3.092014127626036e-05,0.0,-3.841594628309227e-05,0.0,9.06936687486619e-06,0.0,-4.328784881184009e-06,0.0,7.793074561281145e-06
4.29615,7.060652397692985e-05,0.0,3.149533714812124e-05,0.0,-4.1943608685008275e-05,0.0,8.118280613589815e-06,0.0,-4.743413893120953e-06,0.0,1.2898395395541645e-05
4.297219999999999,7.566727174273605e-05,0.0,3.648412251493614e-05,0.0,-5.182114861786191e-05,0.0,1.0441671335430644e-05,0.0,-5.1406794506671295e-06,0.0,5.906745127094391e-06
4.298080000000001,0.00010453577270004117,0.0,6.624448049538366e-05,0.0,-0.00012261165002386845,0.0,5.365712936605862e-06,0.0,1.249837651585181e-05,0.0,9.893710760477314e-06
4.2990900000000005,0.00012712315732960725,0.0,8.281569406278855e-05,0.0,-0.00015523274528467208,0.0,3.298249168010018e-06,0.0,-5.065445959516853e-06,0.0,5.393573552674082e-06
4.30105,0.0001580177426396134,0.0,0.00011258591655494034,0.0,-0.0002224218655121791,0.0,9.892208232625327e-06,0.0,-9.69913520580676e-06,0.0,1.4320885806940185e-05
4.3031,0.0001647369347110718,0.0,0.00010871160046566846,0.0,-0.0002322057632488379,0.0,8.490707417358286e-06,0.0,3.552884980994226e-06,0.0,6.252099324154818e-06
4.30523,0.0001515259205914913,0.0,9.630802616781244e-05,0.0,-0.00021701385032211993,0.0,1.3386457974717726e-05,0.0,-5.762786542880078e-06,0.0,2.01133654138555e-05
4.30725,0.00014783434263074068,0.0,9.970685597781993e-05,0.0,-0.00021613123948704762,0.0,2.484271103870574e-06,0.0,1.3842981401482647e-05,0.0,1.6638508029656316e-05
4.3093,0.00014669450728855047,0.0,9.364742244409172e-05,0.0,-0.00020586505936522376,0.0,6.5342933622188925e-06,0.0,-2.845203913038412e-06,0.0,6.119409188899934e-06
4.30996,0.00014781699873410336,0.0,9.611383433589858e-05,0.0,-0.00020775368162135108,0.0,1.1679990283911582e-05,0.0,-1.9042981167819673e-06,0.0,7.393143136327839e-06
4.31117,0.0001406511112340879,0.0,9.395836621321555e-05,0.0,-0.00019714871151823253,0.0,6.930945733104865e-07,0.0,-9.876107547830572e-06,0.0,2.1047103516556536e-05
4.31311,0.00013448145776434034,0.0,8.701018879339748e-05,0.0,-0.00019443798981536763,0.0,5.501118166389295e-06,0.0,-1.678885440576473e-05,0.0,1.6468017362159476e-05
4.31513,0.00012532229963170053,0.0,9.19215695951182e-05,0.0,-0.0001959264751769767,0.0,-4.5277544121213894e-06,0.0,2.2786261537431874e-05,0.0,5.297110708874783e-06
4.3172,0.00012227186826754832,0.0,8.278840730992076e-05,0.0,-0.0001915767584324528,0.0,-2.982535620960457e-06,0.0,8.705390650205756e-06,0.0,1.1633409938316018e-05
4.31917,0.00011243012829244774,0.0,7.227360740647137e-05,0.0,-0.0001780177489659112,0.0,8.772447382077233e-06,0.0,-7.204128372611911e-07,0.0,1.0192482252742207e-05
4.32116,0.00011045462223761152,0.0,7.313205979066281e-05,0.0,-0.00016574449089153828,0.0,8.870369339587652e-06,0.0,9.524255361702415e-06,0.0,-2.1337169492493288e-06
4.32298,9.68208888257332e-05,0.0,6.0533277882599504e-05,0.0,-0.00013837914044850946,0.0,1.623433089112342e-05,0.0,-2.3429878199142485e-05,0.0,2.933348104334187e-06
4.32521,8.449224731314977e-05,0.0,5.310118749934399e-05,0.0,-0.00012859247336120702,0.0,1.136125140970212e-05,0.0,8.91903415842465e-06,0.0,4.29314457509466e-06
4.32711,7.304732655382369e-05,0.0,4.5046012047493566e-05,0.0,-9.568225814580498e-05,0.0,1.0618300497874778e-05,0.0,-3.089601694647303e-06,0.0,4.694173257184473e-06
4.32908,5.90868806419765e-05,0.0,3.640740119598196e-05,0.0,-6.982011661220433e-05,0.0,9.589945960856168e-06,0.0,-3.632620025602132e-06,0.0,-8.784420627285302e-08
4.33012,6.916565039767626e-05,0.0,4.683885316390591e-05,0.0,-9.57426395622909e-05,0.0,9.956604781311205e-06,0.0,-6.530386970152238e-06,0.0,1.017577139966314e-06
4.33119,5.0078911493555306e-05,0.0,2.1766625298497234e-05,0.0,-4.5207462858844096e-05,0.0,1.059368304205147e-05,0.0,-5.326028804080397e-06,0.0,4.064215192435735e-07
4.33324,5.236027161577396e-05,0.0,2.256528071193895e-05,0.0,-3.48869564065395e-05,0.0,5.73185243880968e-06,0.0,-1.6687441849856643e-06,0.0,5.48894475550202e-06
4.33515,5.0576968296823777e-05,0.0,2.1066403551731753e-05,0.0,-3.1529936143231025e-05,0.0,8.497544024671857e-06,0.0,-3.09875981173267e-07,0.0,3.489002163885182e-06
4.34004,4.489498710697187e-05,0.0,1.6170442237894738e-05,0.0,-2.1562754102261394e-05,0.0,7.897295910769996e-06,0.0,-3.350465109955244e-06,0.0,6.7355443653398856e-06
4.34488,4.2281561878660485e-05,0.0,1.4724910936553111e-05,0.0,-1.88714060201189e-05,0.0,3.570567962906614e-06,0.0,-5.249238357450232e-07,0.0,3.0810513382781405e-06
4.34998,4.1445028876104524e-05,0.0,1.3153794116513916e-05,0.0,-1.873873571565787e-05,0.0,2.8351012554313894e-06,0.0,1.4738549965865496e-06,0.0,3.604536624151553e-06
4.37005,3.5101937789944585e-05,0.0,6.365700522960708e-06,0.0,-1.4805674955658882e-05,0.0,1.0983985009402595e-05,0.0,-1.559584169735932e-06,0.0,1.4489149906383082e-07
4.39015,3.490021048971143e-05,0.0,6.897542584843167e-06,0.0,-1.2995218549724054e-05,0.0,9.257343210788268e-06,0.0,-5.176483182219594e-06,0.0,5.151183997006483e-06
4.41003,3.832849233521419e-05,0.0,6.60234916892053e-06,0.0,-1.6555640204545206e-05,0.0,4.852608689529016e-06,0.0,-4.397361321519908e-06,0.0,1.0237733997914185e-05
4.42024,3.9161101334979016e-05,0.0,8.870459551907456e-06,0.0,-1.2565624450697301e-05,0.0,8.64580209165709e-06,0.0,-5.210628605077923e-06,0.0,3.218094921257358e-06
4.43018,3.924160880814707e-05,0.0,1.0765856324132822e-05,0.0,-1.71259500662747e-05,0.0,8.812533623747526e-06,0.0,-2.5017910894732056e-06,0.0,1.4484905706987542e-06
4.44004,3.374124672919894e-05,0.0,1.3425851708185496e-05,0.0,-2.2060139899525865e-05,0.0,1.5185565797539753e-05,0.0,-3.2457315235790057e-06,0.0,-1.300216666284425e-06
4.44994,3.450401991754957e-05,0.0,1.4763119664986939e-05,0.0,-2.571980892258823e-05,0.0,1.5339768865547072e-05,0.0,-2.7076337932556047e-06,0.0,4.491337920437008e-06
4.4549900000000004,1.9722446151476564e-05,0.0,1.0126379099271471e-05,0.0,-1.4144541292558738e-05,0.0,2.7066676139825286e-06,0.0,5.067786693954947e-06,0.0,2.3045699935832875e-06
4.46012,2.13114282748889e-05,0.0,5.968741533407927e-06,0.0,-1.1259648593078612e-05,0.0,3.665696432989317e-06,0.0,-1.9080839367469206e-06,0.0,-2.338720800716959e-07
4.4699599999999995,2.2119408698246374e-05,0.0,6.323770475529112e-06,0.0,-1.420486441330429e-05,0.0,1.182421674808926e-05,0.0,-7.691929628946254e-06,0.0,1.1925356295563272e-05
4.4779800000000005,2.991380728876441e-05,0.0,2.005153982882275e-05,0.0,-3.032095440092216e-05,0.0,-4.616722290856752e-06,0.0,7.31372951630484e-06,0.0,3.86445792698861e-06
4.48613,3.8047622276364e-05,0.0,2.382322080604411e-05,0.0,-2.6259244856038728e-05,0.0,3.6436677868875573e-06,0.0,1.5089411782171164e-07,0.0,1.1196275550917762e-05
4.48819,4.4579330345307086e-05,0.0,2.271715407634867e-05,0.0,-3.310758061060855e-05,0.0,9.712123001843102e-06,0.0,-1.5200067604803878e-06,0.0,6.987498340825835e-06
4.490069999999999,4.317575910630945e-05,0.0,2.692090775949339e-05,0.0,-2.984562059993987e-05,0.0,7.46305744821705e-06,0.0,-3.90135849215926e-06,0.0,1.086974424522464e-05
4.49222,4.9441058928884196e-05,0.0,2.4245489268969312e-05,0.0,-2.8742558844400382e-05,0.0,9.717883530532472e-06,0.0,-5.116920322735605e-06,0.0,9.309563609218578e-06
4.4949900000000005,5.4610267178775476e-05,0.0,2.655311711302701e-05,0.0,-3.129048253043266e-05,0.0,8.82239817284277e-06,0.0,-7.478891265967326e-07,0.0,1.0188066238967588e-05
4.499969999999999,5.84544819915622e-05,0.0,2.8912312425968255e-05,0.0,-3.34894767767213e-05,0.0,8.650336752304697e-06,0.0,-5.018859829521265e-06,0.0,7.505766347902925e-06
4.51021,6.395731647471935e-05,0.0,3.111836847465461e-05,0.0,-3.7555721738810225e-05,0.0,3.392289504230541e-06,0.0,2.2752578754758303e-06,0.0,1.1971927462169874e-05
4.51218,7.504070137476266e-05,0.0,3.8348276145703885e-05,0.0,-5.503185865406747e-05,0.0,9.681263714512703e-06,0.0,-3.4510884244878755e-06,0.0,1.2126420923590392e-05
4.51508,7.514830923105714e-05,0.0,4.718071767614746e-05,0.0,-6.76121735218616e-05,0.0,1.6218201244258926e-06,0.0,-5.593039695935282e-06,0.0,2.2325150180645915e-05
4.52007,6.897595754836892e-05,0.0,3.4350640501240887e-05,0.0,-6.457621303149938e-05,0.0,9.453833562108187e-06,0.0,-1.7359135035281647e-05,0.0,1.89908515189254e-05
4.52524,6.79669584897181e-05,0.0,3.453969334269594e-05,0.0,-7.638761584674959e-05,0.0,1.3213261861030815e-05,0.0,5.827478791321673e-07,0.0,5.203529857376081e-06
4.5294099999999995,6.867250760374935e-05,0.0,4.230133561356238e-05,0.0,-7.419650539137844e-05,0.0,7.850014303775598e-06,0.0,-1.2340725232579296e-05,0.0,1.0266639819489478e-05
4.53506,5.93977946046591e-05,0.0,2.860177045900483e-05,0.0,-7.420915137982252e-05,0.0,1.565645731797917e-05,0.0,-8.29510721242956e-07,0.0,-6.27118103975299e-06
4.54024,4.404321280505995e-05,0.0,1.802000704037622e-05,0.0,-4.3679589290346805e-05,0.0,1.0992135969639147e-05,0.0,-8.995751764361919e-06,0.0,7.434047104901648e-06
4.5498,5.5551425654072086e-05,0.0,2.2900316328121375e-05,0.0,-5.185388136077186e-05,0.0,1.95138587392238e-05,0.0,-1.3505992116245926e-06,0.0,1.0882401835813689e-06
4.56018,2.1089705573389476e-05,0.0,6.533546194448713e-06,0.0,-2.257692632375862e-05,0.0,9.094302474596607e-06,0.0,2.0783278507016157e-06,0.0,3.4702110765770117e-06
4.570130000000001,1.6503354102407343e-05,0.0,1.2147415448960238e-05,0.0,-1.2616732939604094e-05,0.0,5.608118317331015e-06,0.0,-1.020144190130175e-05,0.0,6.183142087171059e-06
4.580030000000001,2.3992359999050884e-05,0.0,5.988099462601709e-06,0.0,-1.3280625063917572e-05,0.0,-5.781950666017803e-07,0.0,2.6126074315546805e-06,0.0,2.632124249520177e-06
4.59008,5.1613401163401674e-05,0.0,3.1332300480744654e-05,0.0,-6.486994207587058e-05,0.0,1.079594839668915e-05,0.0,-3.1012855820511035e-06,0.0,8.710313904883852e-06
4.60027,0.0001459477099972008,0.0,0.0001049539624772,0.0,-0.0002216484612861172,0.0,-5.8505173408119784e-06,0.0,-3.409137437708229e-06,0.0,1.80772957289661e-05
4.60999,0.00042640839396072,0.0,0.00030841000873287587,0.0,-0.0007222340534576396,0.0,3.1455836547484126e-05,0.0,-1.2503025727564942e-05,0.0,-1.8870752655898558e-05
4.62023,0.00047634789532510405,0.0,0.0003384833553919355,0.0,-0.0008385434074806151,0.0,1.880882848852829e-05,0.0,1.9566623987503966e-05,0.0,1.394289945450521e-05
4.62994,0.00036432346387650183,0.0,0.000262691237770176,0.0,-0.0006001092344180434,0.0,-4.0053962254308695e-05,0.0,4.650024150494089e-05,0.0,2.337155322890949e-05
4.63517,0.00019243594594689517,0.0,0.00012413819245359796,0.0,-0.0002978329223357403,0.0,1.0340340970115695e-05,0.0,1.5325833309926636e-06,0.0,1.658060954956857e-05
4.639959999999999,0.00017175735340853185,0.0,0.00010115859802168943,0.0,-0.0001936933622460058,0.0,9.475480059983014e-06,0.0,1.821277320423042e-05,0.0,1.7899396305315434e-05
4.64996,0.00020142087155550984,0.0,0.00011976843925505271,0.0,-0.00024164728171844002,0.0,1.3729405266243998e-05,0.0,-1.1180953820877312e-05,0.0,3.4146992129344616e-05
4.67012,0.00021561084237862953,0.0,9.999283423039325e-05,0.0,-0.0002491391887284213,0.0,6.112113310803722e-06,0.0,1.3987799133886885e-05,0.0,7.045187733694453e-06
4.68015,0.0001483719190383653,0.0,5.989723130187744e-05,0.0,-0.0001326586792444305,0.0,1.4894982871040924e-06,0.0,5.912445396220108e-07,0.0,7.266705498436202e-06
4.68993,0.00010443772021574829,0.0,5.016618034354037e-05,0.0,-9.543859858650799e-05,0.0,1.050299183490323e-05,0.0,3.8988237099395825e-06,0.0,3.7154321239937448e-06
4.71002,8.886913314488824e-05,0.0,4.040058707792905e-05,0.0,-6.245125624566838e-05,0.0,3.067531408105491e-06,0.0,2.854424433821122e-06,0.0,8.882406384010567e-06
4.73,9.704082662837653e-05,0.0,4.649827088952953e-05,0.0,-7.292426620792233e-05,0.0,3.2921718835139315e-06,0.0,1.8853726503618316e-06,0.0,1.0946466342327425e-05
4.75,0.00015794053029354648,0.0,7.673444538226866e-05,0.0,-0.000143250767509751,0.0,9.094125280222255e-06,0.0,-1.8634886128534577e-06,0.0,1.4206894405758794e-05
4.75518,0.0003248392078128529,0.0,0.00016625912890073325,0.0,-0.0003685198752867577,0.0,1.867263419281196e-06,0.0,1.9371919004758775e-05,0.0,1.5384287070605375e-05
4.75888,0.0003304427818805867,0.0,0.00016265251439063312,0.0,-0.0003566392303563595,0.0,-3.5925778604927215e-06,0.0,2.4230742823255367e-05,0.0,1.58300405484883e-05
4.77004,0.0003142635187698212,0.0,0.00015857951019209655,0.0,-0.000315905012237751,0.0,1.5119775785684635e-05,0.0,1.7776685528250448e-06,0.0,2.3747704585942462e-05
4.77502,0.00025020868706488396,0.0,0.00012142388750210064,0.0,-0.00021639290607377312,0.0,7.966279664493301e-06,0.0,3.2223324555858005e-06,0.0,3.075537084328792e-05
4.7801800000000005,0.0001763539029437513,0.0,9.689398239808262e-05,0.0,-0.00013225642232554712,0.0,2.5151571600280885e-05,0.0,-1.0594182212810562e-05,0.0,2.3301602039207586e-05
4.79012,0.0002776737021707738,0.0,0.0001298725128063984,0.0,-0.0001233157123724692,0.0,2.998407000165902e-05,0.0,-1.2525580263244783e-05,0.0,4.618385431377692e-05
4.799919999999999,0.0005790213665164781,0.0,0.00028384269261712443,0.0,-0.0002006464253445156,0.0,1.3719056186300263e-06,0.0,1.1706661329634704e-05,0.0,7.145488285557684e-05
4.81003,0.0005068587550214529,0.0,0.00025040616230585734,0.0,-0.00015879168218420518,0.0,2.391044941802677e-05,0.0,2.120404954992653e-05,0.0,5.573296554661695e-05
4.8121599999999995,0.000335091873639761,0.0,0.00017299546902907386,0.0,-0.00010875569720165093,0.0,5.871556271305055e-06,0.0,2.3359665043746555e-05,0.0,4.6839697301296074e-05
4.81527,0.00021333597511437294,0.0,9.236844189189549e-05,0.0,-5.308437901512742e-05,0.0,1.1438798347110186e-05,0.0,7.439251633637938e-06,0.0,3.7071895961628346e-05
4.82006,0.00010452501707711418,0.0,4.029596767950036e-05,0.0,-2.048306482971827e-05,0.0,9.053789460069164e-06,0.0,-6.990952863970183e-07,0.0,2.453405130093452e-05
4.82989,7.570944922774535e-05,0.0,2.480662774505639e-05,0.0,-1.3123720143099316e-05,0.0,2.7228483544816846e-06,0.0,5.977077499125947e-06,0.0,5.836430268168952e-06
4.85003,8.06678593842808e-05,0.0,2.1373419864488958e-05,0.0,-2.3807071696314102e-05,0.0,1.3125329481643314e-05,0.0,-3.639525016030417e-06,0.0,8.772896020015593e-06
4.86629,8.632137541261434e-05,0.0,2.0626857453713818e-05,0.0,-2.897319621371781e-05,0.0,1.7671802702786873e-05,0.0,-2.27417815501335e-06,0.0,8.21531418746908e-06
4.88989,9.23690562042076e-05,0.0,3.261239736797532e-05,0.0,-3.387732885294438e-05,0.0,8.332595632655744e-06,0.0,4.822686081987783e-06,0.0,9.327654872332268e-06
4.89991,9.823551631898122e-05,0.0,3.738301770115309e-05,0.0,-3.3506197112313e-05,0.0,8.309270776286744e-06,0.0,8.453047675674776e-07,0.0,9.036037718047545e-06
4.9101300000000005,9.809681449791675e-05,0.0,4.449663256390368e-05,0.0,-3.7795742305127623e-05,0.0,7.761019291941284e-06,0.0,4.974177987055801e-06,0.0,1.0705852677392413e-05
4.91996,9.84118549315623e-05,0.0,3.643995147619732e-05,0.0,-3.511868752900382e-05,0.0,1.2698485355338645e-05,0.0,2.252605770908335e-06,0.0,3.797518976838217e-06
4.92615,0.00010315987157072047,0.0,3.657422213284954e-05,0.0,-3.950156551461492e-05,0.0,5.811104924970035e-06,0.0,2.9780603365411537e-06,0.0,9.217390297716525e-06
4.9301900000000005,0.00010491400602580273,0.0,4.936112048292292e-05,0.0,-5.029737118303313e-05,0.0,5.881782864859258e-06,0.0,7.703413310374336e-06,0.0,1.0778254721543489e-05
4.93692,0.00010691324083089967,0.0,3.587642227191613e-05,0.0,-4.770412911119011e-05,0.0,1.2615809394206545e-05,0.0,2.054956159564991e-07,0.0,1.892272767913442e-05
4.94675,0.00010753240581766753,0.0,3.981360309793855e-05,0.0,-5.510483814007961e-05,0.0,6.198997327917369e-06,0.0,-1.6698393528195396e-06,0.0,1.6879129526193802e-05
4.95027,0.00011182695288276339,0.0,4.971607593540619e-05,0.0,-6.165375320617778e-05,0.0,4.5343934693254894e-06,0.0,4.437697318657152e-06,0.0,1.605103878516912e-05
4.95676,0.00010841434337540281,0.0,3.8956678313527645e-05,0.0,-5.6635607373478825e-05,0.0,1.7006949875205794e-05,0.0,-8.109231150352597e-06,0.0,1.658773375282886e-05
4.961869999999999,0.00011209651469359851,0.0,4.639335019491261e-05,0.0,-5.665695271370431e-05,0.0,6.859838425017542e-06,0.0,-8.71554508656277e-06,0.0,1.3559622008243325e-05
4.96475,0.00011228152985217294,0.0,4.360459127149533e-05,0.0,-6.378481987526502e-05,0.0,1.2423910293807461e-05,0.0,-7.507196161501195e-09,0.0,8.665673700106689e-06
4.96787,0.00011608683115474568,0.0,4.894896029498926e-05,0.0,-6.665701415868934e-05,0.0,1.010799781757847e-05,0.0,-1.0039785151136491e-05,0.0,1.4759161711763248e-05
4.97004,0.00012224544981821948,0.0,5.223941835760538e-05,0.0,-6.475397249140622e-05,0.0,9.095794581965678e-06,0.0,6.5782550763534316e-06,0.0,1.236780332573798e-05
4.9728,0.0001160940858943633,0.0,4.5046760575908754e-05,0.0,-6.373412562647588e-05,0.0,8.633662881024955e-06,0.0,9.622096962277941e-09,0.0,1.8123920057135766e-05
4.97463,0.00011741949463829466,0.0,5.0604728027791825e-05,0.0,-6.955518619728119e-05,0.0,1.0464301446929032e-05,0.0,-2.9977253194526016e-06,0.0,1.0290179309882902e-05
4.98471,0.00011867707105861865,0.0,4.890681116835721e-05,0.0,-6.641339827477137e-05,0.0,1.3719428222460511e-05,0.0,-5.21676044085332e-06,0.0,1.3075099197662707e-05
4.990069999999999,0.0001269477440611757,0.0,5.609260953598243e-05,0.0,-6.703727007057543e-05,0.0,8.23064903286893e-06,0.0,-6.648700322739117e-07,0.0,2.630737616254006e-05
4.994669999999999,0.00012204503250247006,0.0,5.456136919962327e-05,0.0,-6.65991789708903e-05,0.0,1.0365264548876047e-05,0.0,-2.3733837441643895e-06,0.0,1.837342244303162e-05
5.00464,0.00012635791785001275,0.0,5.552247056281994e-05,0.0,-7.012895933643713e-05,0.0,1.1456077107704035e-05,0.0,-1.1820816768445672e-05,0.0,2.437221780987772e-05
5.00999,0.00013578594920941967,0.0,5.84078804550908e-05,0.0,-6.318223953052647e-05,0.0,3.923997528888869e-06,0.0,2.596808611446557e-06,0.0,1.6250750616589926e-05
5.01484,0.0001459321977768679,0.0,6.672868230927306e-05,0.0,-8.100114739697453e-05,0.0,1.4281235778381334e-05,0.0,-4.737101941151421e-06,0.0,1.516393396150399e-05
5.01774,0.00016453010867204136,0.0,6.782837199587177e-05,0.0,-8.789973763744716e-05,0.0,1.0915142676244168e-05,0.0,-1.1931907815562516e-05,0.0,2.3340528946657318e-05
5.01786,0.0001636012907206255,0.0,6.441337137376527e-05,0.0,-8.974433387021389e-05,0.0,1.094319051600259e-05,0.0,-1.0159653445443733e-05,0.0,1.9559582637642715e-05
5.019819999999999,0.00020127994160047265,0.0,8.232232915897962e-05,0.0,-0.00011986849088186051,0.0,3.986158160885463e-06,0.0,1.856891966092038e-06,0.0,9.061211006681683e-06
5.0248,0.00032104295356082764,0.0,0.00011295576211927527,0.0,-0.00015302964355445704,0.0,1.712404522296195e-05,0.0,-9.601840042331308e-06,0.0,1.9332107414233596e-05
5.027830000000001,0.00043593718733379546,0.0,0.00016794516612552303,0.0,-0.00018005142066537686,0.0,1.5889184993133364e-05,0.0,4.3631679367662046e-06,0.0,1.6102000516321248e-05
5.0301,0.00043489928010605997,0.0,0.0001545990867296215,0.0,-0.00018051172655942873,0.0,1.8425036723200043e-05,0.0,-4.109400710969236e-06,0.0,5.921696431181148e-05
5.032780000000001,0.0004097172416755314,0.0,0.00016032697849095368,0.0,-0.00018652701907099974,0.0,3.038444665837966e-06,0.0,8.665916241201192e-06,0.0,2.865986852843207e-05
5.0359,0.00040067800208154307,0.0,0.0001433514947569254,0.0,-0.00017244812047432256,0.0,9.242974293431574e-06,0.0,1.6661272472480317e-05,0.0,2.9588390085603713e-05
5.03871,0.00039431778396891944,0.0,0.00014736920503748705,0.0,-0.00017178588719045474,0.0,2.613303905683382e-05,0.0,2.5236362318176054e-06,0.0,1.168848240696675e-05
5.041980000000001,0.00037256374090007433,0.0,0.00014520301134418788,0.0,-0.0001501609062712388,0.0,-2.1053592348446802e-06,0.0,1.4026088404293113e-05,0.0,5.26992509307254e-06
5.04479,0.00033572466191871713,0.0,0.0001325354675896834,0.0,-0.00012589457480492754,0.0,5.2276444210581884e-06,0.0,4.816705070419203e-06,0.0,3.492371129585447e-06
5.04997,0.00025293808021965635,0.0,0.00011188435094243912,0.0,-9.623889601099206e-05,0.0,2.1441277540157984e-05,0.0,-4.274928221239781e-06,0.0,3.0716364283751495e-05
5.05484,0.00018158910279532288,0.0,7.789412014493097e-05,0.0,-9.768565296507117e-05,0.0,2.0078824783332692e-05,0.0,-3.173427050276629e-06,0.0,1.3210238218438391e-05
5.0648800000000005,0.0003545830789769235,0.0,0.00015938717828784037,0.0,-0.00018851870665702173,0.0,1.1417278199926853e-05,0.0,1.007693573838972e-05,0.0,6.9754472790952694e-06
5.06991,0.0003487131692819999,0.0,0.00014842205995277974,0.0,-0.000164676850967227,0.0,2.0306319505220917e-05,0.0,-1.1068733672591714e-05,0.0,6.039915574902442e-05
5.07448,0.0003544757440153433,0.0,0.0001621847213420146,0.0,-0.00019675607518068278,0.0,6.679271397975465e-06,0.0,8.804493119036512e-07,0.0,9.89592309528969e-06
5.08419,0.0003210777667939871,0.0,0.00015898558387479709,0.0,-0.00022058403112761458,0.0,1.8077693494162422e-05,0.0,4.085128482256971e-06,0.0,3.544638589812253e-05
5.08999,0.0003239163772291369,0.0,0.00016542545166137645,0.0,-0.000233450040018733,0.0,1.0867309680293297e-05,0.0,8.458128386949842e-06,0.0,4.960928938923733e-05
5.093719999999999,0.0005750725220400023,0.0,0.00035108889555586427,0.0,-0.0004889422747864166,0.0,-5.7711773969798414e-06,0.0,1.7355104525827622e-05,0.0,3.071350919084502e-05
5.09676,0.0007514460361148478,0.0,0.0004354955461165113,0.0,-0.0006207468863899877,0.0,1.3860237625599647e-05,0.0,3.550261501671211e-05,0.0,4.795950459869936e-05
5.09889,0.0007309865005513846,0.0,0.0004198803332056701,0.0,-0.0006214552325233653,0.0,3.363184513582188e-05,0.0,1.875074054684094e-05,0.0,5.633578474426685e-05
5.09999,0.0007331249169662827,0.0,0.0004613664399158013,0.0,-0.0006211956886831739,0.0,2.17248104043273e-06,0.0,5.5666798550877596e-05,0.0,3.446409724556718e-05
5.10043,0.0007204447990159002,0.0,0.0004297384286953308,0.0,-0.0005890898291866669,0.0,2.947240304345629e-05,0.0,-1.0070234959049965e-05,0.0,6.751755621514423e-05
5.100709999999999,0.0007210430842142788,0.0,0.0004225644319988523,0.0,-0.0005899662817432553,0.0,-4.0151354613502605e-06,0.0,2.5752394712135444e-05,0.0,6.013079061348442e-05
5.10288,0.0012092653860498147,0.0,0.0006709664448324417,0.0,-0.000733320110861787,0.0,2.483989637755544e-05,0.0,5.697670619877648e-05,0.0,8.675283878444045e-05
5.1048599999999995,0.0012822354346203357,0.0,0.0006728055640184075,0.0,-0.0006818336944897816,0.0,2.158967276983599e-05,0.0,7.390315792329846e-05,0.0,6.679257179432884e-05
5.1069,0.0012036907546646432,0.0,0.0006372373793077349,0.0,-0.0006430757291681229,0.0,3.459207436779105e-05,0.0,3.282538819163249e-05,0.0,0.00011499858841666729
5.10878,0.0011650027771025722,0.0,0.0006254140654735865,0.0,-0.0006128643717708584,0.0,7.631119253042254e-06,0.0,2.4004782808253683e-05,0.0,0.00012274289975692368
5.110040000000001,0.001164543449233351,0.0,0.0006265847101693805,0.0,-0.0006224991901528752,0.0,-1.6972360734638835e-05,0.0,6.82506410784319e-05,0.0,0.00017326953878338546
5.11075,0.0011011734092697797,0.0,0.0005800972224596246,0.0,-0.0005398837597944284,0.0,3.752729564318937e-05,0.0,-1.1068335148218026e-05,0.0,0.00012668250689306664
5.11384,0.0010328490070028052,0.0,0.0005208046838404062,0.0,-0.0005097063474643567,0.0,3.0498891664256098e-05,0.0,2.4226509877630353e-05,0.0,0.0001330994574619775
5.1188,0.0008439528424647455,0.0,0.0004141398393855676,0.0,-0.00033109511206560327,0.0,-9.936821964739839e-07,0.0,3.523544962564747e-05,0.0,8.643660246890702e-05
5.1237699999999995,0.0005974384411159639,0.0,0.0002725687256212803,0.0,-0.00018701059317034757,0.0,3.389672265713222e-05,0.0,8.968960376881281e-06,0.0,5.487012169260736e-05
5.12852,0.000341177658676397,0.0,0.00014571595646665247,0.0,-7.720647460154168e-05,0.0,1.0056909385498892e-05,0.0,-4.8631371905654916e-06,0.0,4.983183622046544e-05
5.12994,0.00035918942170191513,0.0,0.00016299336732811031,0.0,-9.612017777598963e-05,0.0,1.8021087012422786e-05,0.0,3.1293795192220044e-06,0.0,7.135175345570802e-05
5.1338099999999995,0.0001955177438081345,0.0,7.937505313815224e-05,0.0,-6.173380722515231e-05,0.0,1.0703702327652659e-05,0.0,-1.2233912950984696e-06,0.0,1.403141064239091e-05
5.13888,0.00017532586507382444,0.0,5.749338175875575e-05,0.0,-7.080077845783319e-05,0.0,2.227214268927473e-05,0.0,-1.997375503548945e-05,0.0,1.744045077149114e-05
5.14165,0.0001863908124086548,0.0,7.212818945552538e-05,0.0,-9.641884775539245e-05,0.0,8.351366416543358e-06,0.0,-2.8698033648269904e-06,0.0,1.1591925307917642e-05
5.1447400000000005,0.00018323602540771852,0.0,6.966809235599688e-05,0.0,-0.00011155363060699378,0.0,1.4916807763415227e-05,0.0,-5.607129856502907e-07,0.0,2.924709541186647e-05
5.14799,0.00018992224706745742,0.0,7.522427266580847e-05,0.0,-0.0001231692824136799,0.0,1.3609210890276557e-05,0.0,-1.1128631838018237e-05,0.0,1.6525972003784978e-05
5.15001,0.00019797842211368067,0.0,8.476111424195392e-05,0.0,-0.000130780533704517,0.0,-7.385139421895051e-07,0.0,1.53540429452423e-05,0.0,1.2021983668234173e-05
5.150980000000001,0.0001990159320474886,0.0,8.206565720553506e-05,0.0,-0.00014611860647240787,0.0,3.779868223512396e-06,0.0,2.5611474362960437e-05,0.0,3.4249768672738016e-06
5.15704,0.00021080733858907835,0.0,8.378030329524063e-05,0.0,-0.00015163057591747128,0.0,1.7877370541783192e-05,0.0,-7.697595095425792e-06,0.0,1.2179103955137263e-05
5.15937,0.00022140288018402163,0.0,9.849350517424659e-05,0.0,-0.00016312615893229618,0.0,1.2485582440463279e-05,0.0,7.174842133409005e-06,0.0,1.0527902960996912e-05
5.17005,0.00022203116197356667,0.0,0.00010402009696517189,0.0,-0.0001587349341185862,0.0,1.1345758298776856e-05,0.0,4.585472448722437e-06,0.0,3.120025189500777e-05
5.18984,0.0002565160689229424,0.0,0.00011919794301451366,0.0,-0.00019496877219245116,0.0,1.6641349634308236e-05,0.0,-7.4032038634942275e-06,0.0,3.617035584002121e-05
5.210030000000001,0.0003311684006070383,0.0,0.00017267102260444588,0.0,-0.0002822310105629624,0.0,4.953541179466307e-06,0.0,-3.2075881353707928e-06,0.0,3.359288485770274e-05
5.23003,0.00047651496901100776,0.0,0.00026990669278343174,0.0,-0.0004914923879734673,0.0,-5.527541925354894e-06,0.0,1.1550529286891208e-05,0.0,5.212678651914931e-05
5.2395,0.0006870516317486479,0.0,0.0003907262998548949,0.0,-0.0007864525392795488,0.0,-1.6527837463887374e-05,0.0,3.9847359393002696e-05,0.0,2.018157946896455e-05
5.24306,0.0007448707561698587,0.0,0.000429598846188325,0.0,-0.0008751820027570189,0.0,1.486717294674872e-05,0.0,3.033822069483462e-05,0.0,3.338478643120143e-05
5.25013,0.001036023821283984,0.0,0.0006117103682784754,0.0,-0.0013071739148311013,0.0,-4.204843470210727e-05,0.0,7.414972482909873e-05,0.0,6.198593446307839e-05
5.25994,0.0013569940028056828,0.0,0.0007989280892853172,0.0,-0.0017100727657458946,0.0,1.4805040461689148e-06,0.0,2.6345356612965377e-05,0.0,6.927901918887885e-05
5.26504,0.0014220836856648155,0.0,0.0008253879594977098,0.0,-0.0017982646518094614,0.0,1.880797123189773e-05,0.0,0.00010149184543754227,0.0,7.62651757688024e-05
5.26998,0.0015148275085735301,0.0,0.0009276094081916572,0.0,-0.0018457490828222949,0.0,-7.841229163342551e-07,0.0,8.376674494055569e-05,0.0,9.132827127057527e-05
5.27496,0.001716908498711425,0.0,0.0010889611422802696,0.0,-0.0018906980847756246,0.0,1.4911649190010276e-06,0.0,4.126945858233886e-05,0.0,8.11332995721889e-05
5.27502,0.0017487208838133084,0.0,0.0011060989936860404,0.0,-0.0019211215542019868,0.0,-6.598427629187216e-05,0.0,0.00013306307453568616,0.0,5.3268930905151127e-05
5.2798099999999994,0.002341901392123717,0.0,0.0014125313429487853,0.0,-0.0022285408794604417,0.0,-1.4755030691923077e-05,0.0,0.0001160846533872188,0.0,0.00020852510659289178
5.28495,0.0027926013926591643,0.0,0.0016766932658055344,0.0,-0.0024732845701126473,0.0,3.4434656815773736e-05,0.0,5.427682049285369e-05,0.0,0.0003190130253443197
5.29016,0.003579563172604142,0.0,0.0020967871561757,0.0,-0.0030484445585073523,0.0,9.532552346784055e-05,0.0,8.95421817877331e-05,0.0,0.0004752495257100856
5.29294,0.004109175302683419,0.0,0.0026229252110215014,0.0,-0.003431436527922018,0.0,-5.386737357591706e-05,0.0,0.0003705226135526114,0.0,0.000209660046120879
5.29767,0.003994864690407101,0.0,0.002372419933195645,0.0,-0.0032623758712882413,0.0,0.00010297234057628197,0.0,5.541029424336832e-05,0.0,0.0005491576891995694
5.29972,0.003925777669414628,0.0,0.0024035793433467164,0.0,-0.003173982873205412,0.0,-0.00010518003458268828,0.0,0.00025580910095951865,0.0,0.00016526127175858505
5.30238,0.0038617012160909498,0.0,0.002198289647319053,0.0,-0.002990611088590138,0.0,0.00017085775128053264,0.0,5.803090751447154e-05,0.0,0.0005744014988145049
5.30823,0.0030558111080810062,0.0,0.0017506690111211568,0.0,-0.0022419554536861853,0.0,7.222469134418808e-05,0.0,7.178779533879722e-05,0.0,0.00044728693002882124
5.312880000000001,0.0022769597229483477,0.0,0.0013009432234492118,0.0,-0.0015837505181469393,0.0,5.626376718567441e-05,0.0,4.097191005104394e-05,0.0,0.00036546944201155273
5.31752,0.0016014712109745375,0.0,0.0008779578944365228,0.0,-0.0009691235053763811,0.0,5.7554460227278845e-06,0.0,4.672680045678553e-05,0.0,0.00023666598150761018
5.32281,0.0010877982488399203,0.0,0.0005792139367264437,0.0,-0.0005241085850851838,0.0,2.138231434962083e-05,0.0,2.543218976225428e-05,0.0,0.00017715478587031753
5.32768,0.0007617828127439248,0.0,0.0003905629790627905,0.0,-0.00028601179376289224,0.0,1.8661727017018476e-05,0.0,3.829557175890516e-07,0.0,0.00016524085555652733
5.33288,0.0005647052807083784,0.0,0.00031998771596729954,0.0,-0.00014211859117011449,0.0,-6.2695284988673555e-06,0.0,3.23744350048838e-05,0.0,5.041584387847511e-05
5.33291,0.0005813713948959558,0.0,0.00027319313504374997,0.0,-0.00012464095075395733,0.0,2.0626956274233673e-05,0.0,2.6014924273984482e-05,0.0,0.00011388100669600335
5.33747,0.0005146474138437659,0.0,0.0002299999929101964,0.0,-5.163291401575214e-05,0.0,1.1277650492887278e-05,0.0,2.5830518325557786e-05,0.0,0.00011038018226280908
5.34274,0.00046970957374427096,0.0,0.00022958433408861605,0.0,-2.4624062901741673e-05,0.0,2.3678885312656307e-05,0.0,2.313880596394031e-05,0.0,3.140480287868672e-05
5.34293,0.00046726408687989537,0.0,0.00020326232269819646,0.0,-4.259940032974397e-06,0.0,1.5509236062708708e-05,0.0,1.8512439521336605e-05,0.0,0.00010053973181395425
5.34694,0.00041630794749523774,0.0,0.0001915086123787841,0.0,1.0615366206466297e-05,0.0,1.9712586774096823e-06,0.0,1.1854465864225169e-05,0.0,3.5429675934592846e-05
5.34826,0.00040988930181292516,0.0,0.00017374464343183294,0.0,2.5645288876727555e-05,0.0,5.3452292085245516e-06,0.0,3.071837761302775e-05,0.0,8.65987904062939e-05
5.34858,0.0004058251862690338,0.0,0.0001786081688630666,0.0,1.9427647938995272e-05,0.0,2.886755741073524e-06,0.0,1.1574722780586087e-05,0.0,3.704018023256426e-05
5.35205,0.00042880122010819017,0.0,0.00019003197039653072,0.0,-4.160422622584523e-05,0.0,2.2320092617262594e-05,0.0,-5.055905188197351e-06,0.0,5.475139048794274e-05
5.3536,0.0003988753153559376,0.0,0.00017701018784838126,0.0,-5.2517676509050255e-06,0.0,8.213796582944456e-06,0.0,3.016994166255759e-05,0.0,7.621764756461365e-05
5.3579,0.0005183204952637838,0.0,0.0002443176301581416,0.0,-0.00016576225742994858,0.0,1.2269117019666635e-05,0.0,8.42742204825361e-06,0.0,7.313948604381401e-05
5.35797,0.0005344698664147777,0.0,0.0002619060073753181,0.0,-0.0001593536515509941,0.0,-3.317871290195462e-07,0.0,1.5249740152935536e-05,0.0,9.354071296090231e-05
5.3598300000000005,0.000503332580790663,0.0,0.0002453008038661824,0.0,-0.00018033268612792927,0.0,1.7944329913253844e-05,0.0,8.279059770859921e-06,0.0,4.113565558830636e-05
5.36189,0.0004970063639285233,0.0,0.00024216049393296037,0.0,-0.00017474887798945698,0.0,1.634398801060101e-05,0.0,3.322255079750637e-05,0.0,3.747871569743963e-05
5.36386,0.000495194639929229,0.0,0.000248259432808707,0.0,-0.00018869941444516603,0.0,1.985144974722185e-05,0.0,-4.397999279455655e-06,0.0,6.672464348585836e-05
5.36605,0.0004889435810859506,0.0,0.000245301926871589,0.0,-0.00019294644368165022,0.0,5.3127257630100496e-06,0.0,1.6648260384971113e-05,0.0,3.9482625670670146e-05
5.368040000000001,0.0004951639518434605,0.0,0.00022810583335125878,0.0,-0.00018592530114427787,0.0,1.5609587300669274e-06,0.0,2.4677782833852566e-05,0.0,4.556927892126632e-05
5.36827,0.0004937835083054692,0.0,0.00023558892148839024,0.0,-0.00017135416681398523,0.0,2.430872052036194e-05,0.0,1.9997950247466707e-05,0.0,7.566992565175977e-05
5.36965,0.0004899532611091807,0.0,0.0002301516052942314,0.0,-0.00019838095824448176,0.0,1.7854413683682605e-05,0.0,2.3251019334740075e-05,0.0,1.8690585537581064e-05
5.3714900000000005,0.0005009072504928541,0.0,0.0002458109308955631,0.0,-0.00016455337183707703,0.0,1.1694916317839641e-05,0.0,2.183903017878136e-05,0.0,8.857910568356343e-05
5.373419999999999,0.00047385969404980605,0.0,0.00022756861036950216,0.0,-0.00017102325915274206,0.0,1.087586856799231e-05,0.0,1.623984815442526e-05,0.0,8.395294367307456e-05
5.3748,0.00043478653770686243,0.0,0.00020182833955615043,0.0,-0.0001504722964948241,0.0,1.0700362743477257e-05,0.0,2.686674061130974e-05,0.0,3.073659554478634e-05
5.38009,0.00036813447028973944,0.0,0.0001553059707483763,0.0,-9.327176116002995e-05,0.0,1.5093417400138429e-05,0.0,1.0262658717312695e-05,0.0,4.007975467952409e-05
5.3829199999999995,0.0003511531978606592,0.0,0.00014958369940834727,0.0,-7.779879299277513e-05,0.0,4.543669657968695e-06,0.0,1.3924698426198195e-05,0.0,4.270323067575915e-05
5.3833400000000005,0.0003625022951069849,0.0,0.0001563435550416301,0.0,-8.713243021576407e-05,0.0,4.953438354975944e-06,0.0,1.732249781426918e-05,0.0,5.763462397222365e-05
5.383859999999999,0.000350104166733972,0.0,0.00014702675757722494,0.0,-7.516674068428037e-05,0.0,5.7681444735576295e-06,0.0,1.9778540287292535e-05,0.0,3.508364631579972e-05
5.38596,0.0003427657450674394,0.0,0.00013876966032172562,0.0,-7.731145913117804e-05,0.0,4.5112677105681875e-06,0.0,1.926638938154401e-05,0.0,3.52281980801878e-05
5.38986,0.00034018504303681967,0.0,0.00013771144694095326,0.0,-7.478307275511013e-05,0.0,5.398336512244991e-06,0.0,9.796494787904856e-06,0.0,2.7266435911730133e-05
5.39308,0.00034541231974720817,0.0,0.00013061800949027439,0.0,-6.413467891377031e-05,0.0,3.457826214312508e-05,0.0,3.808893701964373e-06,0.0,5.275853324985335e-05
5.40341,0.0003638043927740094,0.0,0.00012809458677267495,0.0,-7.596704956449446e-05,0.0,3.405295801780719e-05,0.0,1.4473997265031779e-05,0.0,3.751795387275488e-05
5.41408,0.00036213543047437986,0.0,0.0001322814911516654,0.0,-6.609070279099292e-05,0.0,2.5000087929324793e-05,0.0,2.2552207545843813e-05,0.0,4.883246597475607e-05
5.42436,0.000347495027757717,0.0,0.00014488916965352876,0.0,-5.33832802202881e-05,0.0,1.4057959872579227e-05,0.0,1.8423951246754688e-05,0.0,6.56698503083091e-05
5.43541,0.00036452757797693743,0.0,0.00017332203917943216,0.0,-7.375631838075364e-05,0.0,7.423481836644427e-06,0.0,2.2944141628856906e-05,0.0,4.272263079607089e-05
5.43926,0.0003846771017415175,0.0,0.00018394601804565372,0.0,-8.962419130569978e-05,0.0,1.7453309183919248e-05,0.0,1.7556390352001315e-05,0.0,6.559977231659038e-05
5.4408199999999995,0.00038211883977497973,0.0,0.00017244405257260957,0.0,-0.00010261553599249495,0.0,3.347641867377563e-05,0.0,1.305363362597785e-05,0.0,6.182407693124026e-05
