,a0,a1,a2,a3,a4,a5,a6
3.9960199999999997,1.9356090555816584e-06,0.0,2.770274426813967e-06,0.0,-1.0889482105901904e-06,0.0,6.454870008845376e-08
4.00097,3.608936365457003e-06,0.0,3.286909901157465e-06,0.0,-2.570091474141706e-06,0.0,1.3937737403929711e-06
4.00294,4.141646107305886e-06,0.0,-3.0134974340576494e-07,0.0,-6.054239547145661e-07,0.0,-2.4236301603547714e-06
4.00497,5.3028539199832315e-06,0.0,-4.888831069684079e-07,0.0,-4.579066207925184e-07,0.0,4.88271965306064e-07
4.00697,6.475570050235388e-06,0.0,2.620915007725791e-06,0.0,-3.644591206205331e-06,0.0,3.784791446742078e-06
4.0090900000000005,6.417250743513814e-06,0.0,4.641523481835564e-07,0.0,-8.462665906322059e-06,0.0,6.296316616602578e-06
4.01003,6.414992613575452e-06,0.0,4.527818970927086e-07,0.0,-1.198221287315707e-06,0.0,1.5703646141367945e-06
4.01507,5.846372067537648e-06,0.0,4.788621298866605e-06,0.0,-4.1225311139484995e-06,0.0,2.4666116973023435e-06
4.0191099999999995,8.48937105779761e-06,0.0,1.0321392982001182e-06,0.0,-6.739945998237599e-06,0.0,2.7235415169992648e-06
4.01992,6.98380846582002e-06,0.0,1.7864414257049438e-07,0.0,-3.055757399628269e-06,0.0,5.7368036193757866e-06
4.02504,7.578230977294561e-06,0.0,1.3051012965243602e-06,0.0,-5.029855970105656e-06,0.0,-1.3792533329101765e-06
4.02998,7.292666505927055e-06,0.0,2.9692554083507992e-06,0.0,-8.470455733895304e-06,0.0,4.819204932912268e-06
4.03514,6.04266025370782e-06,0.0,2.749304877071412e-06,0.0,-4.239732758343079e-07,0.0,1.046708766636677e-06
4.26996,9.502608131693343e-06,0.0,1.425074922044637e-06,0.0,3.489612302429183e-07,0.0,-7.687770170125659e-07
4.29005,8.174299918279122e-06,0.0,2.7002163322584704e-06,0.0,-6.107747344319226e-07,0.0,-1.7304771393500982e-06
4.291119999999999,7.29383517538393e-06,0.0,-6.443011449094385e-07,0.0,-6.432966547282926e-07,0.0,2.8615988769200993e-06
4.29319,8.003280451197158e-06,0.0,8.654566826984141e-07,0.0,7.477095344319666e-07,0.0,-1.4644876866799459e-06
4.2942,6.643015089909318e-06,0.0,3.939232031928435e-06,0.0,-4.051705692738166e-06,0.0,3.853416910977049e-06
4.29515,8.019895261950537e-06,0.0,-2.713156408127853e-07,0.0,-1.97066876820946e-06,0.0,2.5992167575455186e-06
4.29615,7.3081368533231195e-06,0.0,1.1451923859633391e-06,0.0,-2.2778793807788163e-06,0.0,2.622101852982619e-06
4.297219999999999,8.075904841752276e-06,0.0,3.7048983246814737e-06,0.0,-4.308295789562903e-06,0.0,4.5914997209732475e-06
4.298080000000001,1.4199855554664494e-05,0.0,2.302825153318012e-06,0.0,-5.514718794215123e-06,0.0,1.2910952300539772e-06
4.2990900000000005,1.6050840200832496e-05,0.0,1.8080763330215304e-06,0.0,1.0323356811107444e-05,0.0,-7.051522307849467e-06
4.30105,2.995984772204845e-05,0.0,5.47300972425404e-06,0.0,-1.2703083262729087e-05,0.0,7.860515233467887e-06
4.3031,2.650630849099252e-05,0.0,-9.661995807084822e-07,0.0,-1.338656437572881e-05,0.0,1.2454318744113822e-05
4.30523,2.8769252898535062e-05,0.0,-1.059637207167521e-06,0.0,-5.651788901002088e-06,0.0,-2.0172463732357864e-06
4.30725,2.8286593289572564e-05,0.0,1.8645455963985567e-06,0.0,-6.184234218548572e-06,0.0,3.9438139974778605e-06
4.3093,2.9857040875400008e-05,0.0,6.327484206719997e-06,0.0,-1.2402570368293444e-05,0.0,-1.0214783830807822e-05
4.30996,2.955316574747794e-05,0.0,-3.334022343498363e-07,0.0,-8.796983559402025e-06,0.0,1.546366149223035e-05
4.31117,2.4136969281079777e-05,0.0,-6.346509040914483e-06,0.0,-1.7734321962926853e-05,0.0,2.0497240763267027e-05
4.31311,2.5204421351487807e-05,0.0,1.6116169300100314e-06,0.0,-2.1561359617193245e-05,0.0,1.6781907999201957e-05
4.31513,2.613270910471706e-05,0.0,1.3032583465889852e-05,0.0,-9.360479298699591e-06,0.0,2.5296010938933745e-06
4.3172,2.6142677463592404e-05,0.0,3.789839048618638e-07,0.0,-2.18408065097191e-06,0.0,7.196176484483513e-06
4.31917,2.9135826206615616e-05,0.0,-6.121584508261362e-08,0.0,-1.8532017703125841e-06,0.0,-2.788665040748417e-06
4.32116,2.606465040587249e-05,0.0,7.84441570617485e-06,0.0,-8.324374522544969e-06,0.0,8.962185436594784e-06
4.32298,2.4896911641839218e-05,0.0,7.0215790044837705e-06,0.0,-3.560579474323216e-06,0.0,-3.0029916234986484e-06
4.32521,1.9250990599445507e-05,0.0,5.100645019884894e-06,0.0,-4.994025101010488e-06,0.0,3.772687995851013e-06
4.32711,1.92654119098604e-05,0.0,5.475884550724232e-07,0.0,1.919376269135751e-07,0.0,5.511750149005777e-06
4.32908,1.6277386841545244e-05,0.0,7.301217220739582e-06,0.0,-1.2179302815988826e-05,0.0,9.829146706572683e-06
4.33012,1.6471885285427223e-05,0.0,3.5903669944391454e-06,0.0,-2.7511226379278734e-06,0.0,2.1886175827290325e-06
4.33119,2.5335548242795048e-05,0.0,2.6324055266888075e-07,0.0,-7.964668832233678e-07,0.0,4.982168634573644e-06
4.33324,2.5512958900137003e-05,0.0,6.213338342499072e-06,0.0,-6.124779921226933e-06,0.0,4.461819428757983e-06
4.33515,2.4797797049329773e-05,0.0,1.9873195524683218e-06,0.0,-1.3286604881156809e-06,0.0,1.9169464260743156e-06
4.34004,2.2292243383039775e-05,0.0,1.9145067587812005e-06,0.0,-1.138577214859439e-06,0.0,6.474801728222664e-07
4.34488,2.2882609276599813e-05,0.0,3.463197990966412e-06,0.0,-9.636975472371909e-08,0.0,6.379615227063443e-07
4.34998,2.2198474540379546e-05,0.0,5.271599660035481e-07,0.0,-6.865600887918219e-07,0.0,2.551952083558834e-07
4.37005,1.5454615877950125e-05,0.0,2.2095369611837468e-06,0.0,-1.4971561492370198e-06,0.0,1.7900091969548189e-06
4.39015,2.033809427528382e-05,0.0,8.292140629137803e-07,0.0,1.0994653968294924e-06,0.0,-1.2621872668610382e-07
4.41003,2.9929941804080294e-05,0.0,1.5451898980532956e-06,0.0,2.2511485751843461e-07,0.0,3.4642601606946703e-06
4.42024,4.481790750700279e-05,0.0,2.4422905806349275e-06,0.0,-4.715876318533598e-06,0.0,9.740395286037472e-06
4.43018,6.12030949556873e-05,0.0,1.9673447169646684e-07,0.0,-1.4753395717467836e-06,0.0,2.121145824098629e-06
4.44004,0.0001260978559746429,0.0,7.5643391821555455e-06,0.0,-1.5283784565701538e-06,0.0,1.1985189019684255e-05
4.44994,0.00021781651704630927,0.0,1.0527395721903404e-05,0.0,-1.526609809684856e-06,0.0,-8.994635909123347e-06
4.4549900000000004,0.0005936698378637568,0.0,5.149436381676051e-05,0.0,-3.822547961750964e-05,0.0,6.229955032020253e-05
4.46012,0.0009590470772537815,0.0,5.097864599249488e-05,0.0,-3.4332104426715385e-05,0.0,7.606206272448528e-05
4.4699599999999995,0.0010640603145339502,0.0,2.8269288717740105e-05,0.0,-3.229625900891164e-05,0.0,7.707972902416349e-05
4.4779800000000005,0.0008572227944811913,0.0,6.568814591745345e-05,0.0,-9.647716718638199e-06,0.0,3.9174014922243496e-05
4.48613,0.00044218160935667475,0.0,2.681313724880819e-05,0.0,-2.919498323593337e-05,0.0,3.637662611186041e-05
4.48819,0.00034129461723964255,0.0,2.2831123336165464e-05,0.0,-2.50667261917773e-05,0.0,3.102080845429159e-05
4.490069999999999,0.0004326207781339761,0.0,1.4648481114065927e-05,0.0,-1.7202517035882155e-05,0.0,5.2710814512002965e-05
4.49222,0.00019096215350752235,0.0,1.4571566372746777e-05,0.0,-1.6828719130665697e-06,0.0,9.853426225975387e-06
4.4949900000000005,0.00013689018210689778,0.0,7.132007999019504e-06,0.0,-2.8570152088653595e-07,0.0,1.6789373615007837e-06
4.499969999999999,7.896620587962126e-05,0.0,3.712545831043578e-06,0.0,-1.0659346027167986e-06,0.0,3.4877903893005375e-06
4.51021,4.230800282470934e-05,0.0,-3.468136951942189e-07,0.0,-2.0199290734223668e-08,0.0,3.6110574618444544e-06
4.51218,3.2263371439053776e-05,0.0,1.194805451764647e-06,0.0,-5.970847304065199e-07,0.0,4.254314932340148e-06
4.51508,3.153297325659821e-05,0.0,2.178023185574241e-06,0.0,-1.975113180424726e-06,0.0,4.558946627855728e-06
4.52007,3.836711805758437e-05,0.0,7.290586133038119e-07,0.0,-9.645761307124274e-07,0.0,1.8579154780834987e-06
4.52524,5.25386245235379e-05,0.0,6.300205923048392e-06,0.0,-9.497991244198294e-06,0.0,1.764088024592153e-05
4.5294099999999995,4.973397766296146e-05,0.0,7.40734387575095e-06,0.0,-1.3858954954196003e-05,0.0,1.697917052007378e-05
4.53506,9.838052587724334e-05,0.0,1.8157311321779536e-05,0.0,-3.91340318364099e-06,0.0,3.89720094394718e-06
4.54024,0.0001505846960545707,0.0,2.6710327639194733e-05,0.0,-3.687961941708409e-05,0.0,4.509561588459779e-05
4.5498,0.0003788872774578902,0.0,2.274006169481499e-05,0.0,-2.7845722814040404e-05,0.0,3.139752714928638e-05
4.56018,0.00096378043422957,0.0,4.9347885456993155e-05,0.0,-3.29513021940915e-05,0.0,8.664295904528297e-05
4.570130000000001,0.0009545367320377158,0.0,1.8093740753934362e-05,0.0,-2.0616740752146736e-05,0.0,7.577291323476006e-05
4.580030000000001,0.0005173864005123804,0.0,3.1918019868546636e-05,0.0,-2.4378524041979637e-05,0.0,4.147958391265093e-06
4.59008,0.00027417869584734646,0.0,2.5202100342943292e-05,0.0,-3.125144473033393e-05,0.0,2.40048559407077e-05
4.60027,0.00013513083288639341,0.0,2.0188801568127696e-05,0.0,-1.8931916552637683e-05,0.0,7.99385189151514e-06
4.60999,0.0001374265017176245,0.0,-4.963060893720978e-06,0.0,-1.5021570918727557e-05,0.0,8.373260083608448e-06
4.62023,9.158910571708001e-05,0.0,1.2246442717041086e-05,0.0,-4.003375350344512e-05,0.0,1.6165702441817094e-05
4.62994,8.742717140499267e-05,0.0,-3.624402216666386e-06,0.0,-2.5642292508139063e-06,0.0,-1.0996982469964394e-06
4.63517,5.299679995024004e-05,0.0,8.128579048009542e-06,0.0,-3.6205911285263184e-06,0.0,9.12181951859452e-06
4.639959999999999,6.41535043424962e-05,0.0,7.11866784712325e-07,0.0,-1.529976562841043e-06,0.0,6.820849037625725e-06
4.64996,0.000137070222982065,0.0,7.264292884938555e-07,0.0,-4.785801365557963e-06,0.0,1.3733689643026558e-05
4.67012,9.27418254282058e-05,0.0,5.274486202596592e-06,0.0,-4.134306100515113e-06,0.0,4.082529169944684e-07
4.68015,4.2099498468743364e-05,0.0,1.816775520881662e-06,0.0,4.585675720896521e-06,0.0,-1.7578990268570061e-06
4.68993,3.60215500816999e-05,0.0,-1.711013511135553e-07,0.0,-2.983424544723487e-06,0.0,1.1014191490125762e-06
4.71002,3.3359321477787794e-05,0.0,1.2647286368353624e-06,0.0,1.6622515084472288e-06,0.0,1.8575486082086421e-06
4.73,4.21709709041134e-05,0.0,3.4645088915196198e-06,0.0,2.4322911320654198e-06,0.0,-3.588590444810296e-06
4.75,7.721502312154774e-05,0.0,9.236555026251549e-07,0.0,-4.357035237240371e-06,0.0,7.962578241593623e-06
4.75518,0.0001772238423968516,0.0,7.703058044185907e-06,0.0,-3.582164653361628e-06,0.0,1.0266710917431441e-05
4.75888,0.00019962735670516,0.0,5.214375190481165e-07,0.0,-4.03355571512164e-06,0.0,1.0768474782103355e-05
4.77004,0.0002347441562200439,0.0,1.1493072496302049e-05,0.0,-1.3042901233368285e-05,0.0,2.5806528644358828e-05
4.77502,0.00024234242537227507,0.0,1.3490867059313353e-05,0.0,-2.1841156312322078e-06,0.0,-4.616772607116487e-07
4.7801800000000005,0.00021550582812446763,0.0,1.1476033220813161e-05,0.0,-1.1695668436485735e-05,0.0,5.2018524075426965e-06
4.79012,0.000187468760643102,0.0,7.186398618675027e-06,0.0,-5.333336412111863e-06,0.0,1.7792290072943535e-05
4.799919999999999,0.00014222509683168248,0.0,1.7310295620732227e-06,0.0,-1.710765684498428e-06,0.0,9.966297647295516e-06
4.81003,0.0001323598622007134,0.0,5.142036778576025e-06,0.0,-5.478941412451006e-06,0.0,5.033835641167154e-06
4.8121599999999995,0.00012383063981258061,0.0,1.0836226609863935e-05,0.0,-5.574534221607711e-06,0.0,6.707291051176991e-06
4.81527,0.00012176138335696285,0.0,8.525219254249202e-06,0.0,-2.132529228549802e-06,0.0,-2.627572996744695e-06
4.82006,0.00012068538974585867,0.0,1.2474039340008562e-05,0.0,-4.4932781908450675e-06,0.0,7.3121347214956505e-06
4.82989,0.00012098270728439562,0.0,5.422428056390292e-06,0.0,-1.7148555282669093e-06,0.0,5.943352464445351e-06
4.85003,0.00014267171748227843,0.0,5.536294509154479e-06,0.0,1.5372210665744973e-07,0.0,8.616764193388044e-06
4.86629,0.00019049601966423767,0.0,1.5741272238838325e-05,0.0,-5.5868552875615e-06,0.0,1.2345858852121255e-05
4.88989,0.0003118783666479606,0.0,1.75772228261396e-05,0.0,-8.851731240416182e-06,0.0,2.365923483416509e-05
4.89991,0.00047659050790448994,0.0,2.4023699713431493e-05,0.0,-1.4334698601163255e-05,0.0,2.62893844063849e-05
4.9101300000000005,0.0006307672063474186,0.0,4.2108210719205225e-05,0.0,-1.7654287672162452e-05,0.0,3.384340383778892e-05
4.91996,0.0008392297716004384,0.0,2.7041966587367496e-05,0.0,-1.8562238702762793e-05,0.0,3.7706968105313554e-05
4.92615,0.0010463474041996353,0.0,6.124633978685661e-05,0.0,-2.7216110261602642e-05,0.0,6.945165929144375e-05
4.9301900000000005,0.0011305078473369287,0.0,9.29756332033046e-05,0.0,-2.2773625396241335e-05,0.0,5.2314733850001106e-05
4.93692,0.0014110362812158907,0.0,9.962770642761347e-05,0.0,-4.1516764467543264e-05,0.0,8.182327885177153e-05
4.94675,0.0017306231436968345,0.0,7.808054481193822e-05,0.0,-5.037652232238613e-05,0.0,9.44536421268883e-05
4.95027,0.0017505467965302493,0.0,8.000409118236292e-05,0.0,-4.494904323516574e-05,0.0,0.00011109295264078035
4.95676,0.001965372659833589,0.0,4.2616973663042e-05,0.0,-5.497820590200209e-05,0.0,0.00014430485908607373
4.961869999999999,0.0020048090424472998,0.0,7.458806492574627e-05,0.0,-6.082772445046473e-05,0.0,0.00010404353058897656
4.96475,0.0019954338182286966,0.0,5.651972092904371e-05,0.0,-6.757605783364477e-05,0.0,0.0001602734967569789
4.96787,0.0019595671670709037,0.0,8.02920738947036e-05,0.0,-6.541090537910833e-05,0.0,0.00011502125143219772
4.97004,0.001959670967495077,0.0,5.2081148586318486e-05,0.0,-9.53317448639487e-06,0.0,0.00014212023882308406
4.9728,0.0018631863662118674,0.0,7.530054806327528e-05,0.0,-6.361470410809409e-05,0.0,0.00013833404867906698
4.97463,0.0018159284986227699,0.0,7.133292160006223e-05,0.0,-6.236223870628272e-05,0.0,9.106569441928647e-05
4.98471,0.0014944955644748824,0.0,3.958369895813431e-05,0.0,-6.10673746305687e-05,0.0,0.00010220980504419581
4.990069999999999,0.0013874982246995802,0.0,4.969545270114556e-05,0.0,-1.4537628673309779e-05,0.0,0.00010621257509119517
4.994669999999999,0.001168390716882547,0.0,6.710782882911617e-05,0.0,-4.3944847991438385e-05,0.0,7.47721301209754e-05
5.00464,0.0009066057464151967,0.0,3.899530197206327e-05,0.0,-3.0286446437613742e-05,0.0,3.690121982268003e-05
5.00999,0.0008281749201638122,0.0,2.4163424653228948e-05,0.0,-2.0476592138693867e-05,0.0,5.5975353262734236e-05
5.01484,0.0007143343554050398,0.0,4.6803499623876836e-05,0.0,-2.7726300283683574e-05,0.0,4.709153107742632e-05
5.01774,0.0006789399460156695,0.0,3.106006632075083e-05,0.0,-2.4122423086324652e-05,0.0,1.9939201886574796e-05
5.01786,0.0006823090482526167,0.0,2.8342376119666788e-05,0.0,-2.670567329971874e-05,0.0,2.6262854093879206e-05
5.019819999999999,0.0006744688377576468,0.0,5.344783355556065e-05,0.0,-5.117914768512392e-05,0.0,7.102772563800998e-06
5.0248,0.0006542409476777345,0.0,4.065638954646839e-05,0.0,-3.75414606670757e-05,0.0,7.549090115356286e-08
5.027830000000001,0.0006595195895909694,0.0,3.4325463993949105e-05,0.0,-4.754983737995297e-05,0.0,2.829191027075639e-05
5.0301,0.000668524396509345,0.0,1.9687984194345444e-06,0.0,-4.0466113813880606e-06,0.0,4.7740800987094374e-05
5.032780000000001,0.0007423089687921997,0.0,4.779724092736487e-05,0.0,-4.1705606316638425e-05,0.0,1.9425621046173165e-05
5.0359,0.0008109486257782412,0.0,2.853398360234448e-05,0.0,-4.1514315151832876e-05,0.0,4.78195184885774e-06
5.03871,0.0008501437108781318,0.0,3.7156915824778076e-05,0.0,-4.329006451873786e-05,0.0,-6.541467409845089e-06
5.041980000000001,0.0008624325277792942,0.0,4.7261800571967606e-05,0.0,-4.0370895779419196e-05,0.0,2.2703645474874772e-05
5.04479,0.00084241081857906,0.0,4.989373163989403e-05,0.0,-5.1832941265406134e-05,0.0,-1.2521327402614745e-05
5.04997,0.0008002011842576155,0.0,4.1836819790305115e-05,0.0,-2.1693555265818148e-05,0.0,3.8251388799866275e-05
5.05484,0.0006895463250539301,0.0,3.948529195794594e-05,0.0,-3.9164191351419545e-05,0.0,2.874967659345704e-06
5.0648800000000005,0.00043076573826546883,0.0,1.8772822347230197e-05,0.0,-2.0640367163843663e-05,0.0,6.725675130236078e-06
5.06991,0.0003613237670453917,0.0,8.115697833278843e-06,0.0,1.4409630106445844e-06,0.0,1.6797296045337572e-05
5.07448,0.0002916331121792148,0.0,1.8299166037460743e-05,0.0,-1.980158509506183e-05,0.0,4.394409577302723e-06
5.08419,0.00022483639405180522,0.0,2.126415938389661e-05,0.0,-1.0841766934433233e-05,0.0,7.025533904892938e-06
5.08999,0.0002118013792969761,0.0,2.66745676315408e-06,0.0,5.043260528024708e-06,0.0,4.082578670161258e-06
5.093719999999999,0.00020452657750693625,0.0,7.292475836421082e-06,0.0,-1.3252442253083137e-05,0.0,2.659246621598712e-06
5.09676,0.00021360436649994123,0.0,1.0582047673749613e-05,0.0,-3.135526329264124e-06,0.0,3.986862527737385e-06
5.09889,0.00020220096925850254,0.0,5.931293461136381e-06,0.0,4.0823754586363226e-08,0.0,1.960398411407499e-05
5.09999,0.00020193200711420188,0.0,3.0575120369493105e-05,0.0,-1.2201797936742013e-05,0.0,1.3677655390585672e-05
5.10043,0.00020217990106189012,0.0,8.573447012805454e-06,0.0,-1.0377844348869685e-05,0.0,1.7078973649718316e-05
5.100709999999999,0.00019910683576295694,0.0,5.266506007370506e-06,0.0,1.1842088697693186e-06,0.0,1.563001881474855e-05
5.10288,0.00019931214330382496,0.0,8.092931628974208e-06,0.0,-1.6039129593408714e-05,0.0,7.328627355072722e-06
5.1048599999999995,0.00019171876704304105,0.0,1.1989647989463755e-05,0.0,-6.255694616207088e-06,0.0,1.462452416537785e-05
5.1069,0.00019119187294147158,0.0,-1.3918285491779517e-06,0.0,-4.042410764385832e-06,0.0,8.019592156263167e-06
5.10878,0.00017732148069729754,0.0,2.1566184773802304e-05,0.0,-1.1549794689037372e-05,0.0,2.3715740322012707e-05
5.110040000000001,0.00017732274573811055,0.0,2.0103931562928184e-06,0.0,-7.715034870036944e-08,0.0,1.7113572244936766e-05
5.11075,0.00018137217665269346,0.0,-1.7542972794297058e-06,0.0,-2.3898729669385332e-05,0.0,2.46075935923014e-05
5.11384,0.00017979815874809039,0.0,-6.82950331913881e-06,0.0,-1.2435574296951253e-05,0.0,1.797847732489204e-05
5.1188,0.00015774220808886937,0.0,7.583473794126313e-06,0.0,-4.56286484561777e-06,0.0,1.76704794177339e-05
5.1237699999999995,0.00013916386835993356,0.0,4.987714066826536e-06,0.0,-1.6284081623431083e-05,0.0,1.8174215659453836e-05
5.12852,0.00012940452609366544,0.0,8.116461851177892e-06,0.0,-1.2784202590028957e-05,0.0,4.169663259967223e-06
5.12994,0.00012631636379817145,0.0,8.12594713313201e-06,0.0,-1.6849735540553821e-06,0.0,7.002983524040469e-06
5.1338099999999995,0.0001586581627222352,0.0,7.4822304094659086e-06,0.0,-9.548130027972587e-06,0.0,-4.569111307357633e-06
5.13888,0.00027700497484846,0.0,1.7483674001047416e-05,0.0,-3.7321567540212116e-05,0.0,2.294557279457061e-05
5.14165,0.0003346484467078902,0.0,1.3759927732005484e-05,0.0,-9.871516574219228e-06,0.0,1.1668831640956147e-06
5.1447400000000005,0.0003566291708929645,0.0,1.8918869370746556e-05,0.0,-1.4107595125584113e-05,0.0,1.3022954585610803e-05
5.14799,0.0003625544489162841,0.0,1.3697365326519539e-05,0.0,-1.5949040737275084e-05,0.0,1.2271480112516126e-05
5.15001,0.00037086839764029987,0.0,2.8033991446006467e-05,0.0,-4.866580140403919e-06,0.0,1.765503425648449e-05
5.150980000000001,0.000377324110820412,0.0,1.4328747883672934e-05,0.0,-1.2136538597854928e-05,0.0,7.824120042022368e-06
5.15704,0.0003625144266860172,0.0,1.6970425337520316e-05,0.0,-1.1162304684814638e-05,0.0,8.217048912299181e-06
5.15937,0.00033441384181898733,0.0,2.3847518092080793e-05,0.0,-1.8356502009713e-05,0.0,1.5222449552551485e-05
5.17005,0.00020979185928612728,0.0,4.6784020748578585e-06,0.0,-3.612735898659994e-06,0.0,1.5431739136955453e-05
5.18984,0.00013687085015295672,0.0,3.142906945985984e-06,0.0,8.118450163621045e-07,0.0,1.1335750134515292e-05
5.210030000000001,0.00012559106318007213,0.0,5.796494864756849e-06,0.0,-2.895424086111306e-06,0.0,8.195159645305288e-06
5.23003,0.00014519462200519647,0.0,1.117500070175319e-05,0.0,-2.081823427555427e-06,0.0,8.63204600755031e-06
5.2395,0.00020348873456576684,0.0,1.4469324504822293e-05,0.0,-1.620747046186582e-05,0.0,6.370067147529163e-06
5.24306,0.00022446012435061683,0.0,3.057281999166121e-06,0.0,-6.401461193204028e-07,0.0,1.453376581407404e-05
5.25013,0.0003412066117637613,0.0,1.2594478188851578e-05,0.0,-1.0148970499415539e-05,0.0,1.7004266210648643e-05
5.25994,0.00046074257501242015,0.0,4.903367449818176e-05,0.0,-2.973851122242837e-05,0.0,4.880374562773673e-05
5.26504,0.0004802752345835673,0.0,6.162257028921341e-06,0.0,-1.6878174860053398e-05,0.0,1.0771831622636813e-05
5.26998,0.0004574862243862201,0.0,3.571077306427419e-05,0.0,-3.1579114263895204e-05,0.0,2.84630543860643e-05
5.27496,0.0004090806582639096,0.0,2.037779448350038e-05,0.0,-7.588023814659331e-06,0.0,1.507449977079444e-05
5.27502,0.0004111345269621307,0.0,5.9086836491170625e-05,0.0,-1.8881156179724092e-05,0.0,2.3202564114864971e-07
5.2798099999999994,0.0003636855020277663,0.0,5.9631102632733225e-06,0.0,-1.8753208893543415e-05,0.0,1.7458436421511578e-05
5.28495,0.00030871126904101964,0.0,4.547297577089609e-06,0.0,-1.2628029426673056e-05,0.0,4.6083848560162985e-05
5.29016,0.0002834318284272249,0.0,3.826711122597339e-06,0.0,-2.4219628064032548e-05,0.0,3.4287372029249325e-05
5.29294,0.0002869668406890329,0.0,3.6391907086612004e-05,0.0,-1.7866914825658872e-05,0.0,2.312564305319414e-05
5.29767,0.0002817541826418583,0.0,1.7670261151755655e-05,0.0,-2.347758236022477e-05,0.0,3.998830253907803e-05
5.29972,0.000278918084815791,0.0,3.307192820060364e-05,0.0,-2.9434961140882154e-05,0.0,2.1493694620641285e-06
5.30238,0.0002638109069611848,0.0,-1.180980715162457e-05,0.0,-4.086076748906449e-06,0.0,6.227974420552132e-05
5.30823,0.00029467503438924855,0.0,6.5468207902777726e-06,0.0,-2.30549312871153e-05,0.0,3.824377872997532e-05
5.312880000000001,0.0003422326926260847,0.0,1.707490353491244e-05,0.0,-1.9590602616375753e-05,0.0,4.3371012586278565e-05
5.31752,0.00038814208588574113,0.0,-5.570099864815879e-06,0.0,-2.5968213108197717e-05,0.0,5.310076335168247e-05
5.32281,0.000436480839356779,0.0,1.346089730761094e-05,0.0,-3.098601112409093e-06,0.0,2.6407876122571552e-05
5.32768,0.0005082409777318254,0.0,3.284653021113585e-05,0.0,-4.219811338532128e-06,0.0,2.912983297935802e-05
5.33288,0.0005752267157678755,0.0,5.42875044167637e-05,0.0,-2.6100840649772518e-05,0.0,1.3821380943911463e-05
5.33291,0.0005509468151881606,0.0,2.7732935701897727e-05,0.0,-3.4181607808958756e-06,0.0,4.938461607583324e-05
5.33747,0.0005491075610679328,0.0,2.7649506085060675e-05,0.0,-1.2820596987836836e-05,0.0,4.316184345219212e-05
5.34274,0.0005004356807640132,0.0,4.459790992285649e-05,0.0,-2.2163611433364532e-05,0.0,6.313364217878396e-06
5.34293,0.0004918616776005648,0.0,2.8829582711539328e-05,0.0,-1.0291926002913597e-05,0.0,4.02169684523221e-05
5.34694,0.0004360758750579285,0.0,4.193673380353507e-05,0.0,-2.769036323248951e-05,0.0,7.523968124374999e-06
5.34826,0.00041908184543126647,0.0,2.6918715504815527e-05,0.0,-1.727074198329926e-05,0.0,2.861663611837148e-05
5.34858,0.0004079844317845121,0.0,2.823775838780541e-05,0.0,-1.9975033058235217e-05,0.0,1.345997643076979e-05
5.35205,0.0005209758067326865,0.0,3.142628082669376e-05,0.0,-1.9114687305379443e-05,0.0,2.3917856771667726e-05
5.3536,0.00045452883298390825,0.0,2.3323318969581766e-05,0.0,-4.925785931484456e-06,0.0,2.9107504043844207e-05
5.3579,0.0004795027908856012,0.0,2.0871428606799704e-05,0.0,-1.2415930585550942e-05,0.0,1.2613638278809478e-05
5.35797,0.0005232363686817141,0.0,2.4877500803380583e-05,0.0,-2.0124558547819634e-06,0.0,4.630143107906204e-05
5.3598300000000005,0.00043735248329952227,0.0,2.7404189300601355e-05,0.0,-2.232461842205164e-05,0.0,2.3875443314909438e-05
5.36189,0.00041141750517008103,0.0,2.1766064807216757e-05,0.0,-1.3483272460220956e-05,0.0,2.2496773251258423e-05
5.36386,0.0003901351591461709,0.0,2.29604401326489e-05,0.0,-1.2847818720671683e-05,0.0,2.222149872507427e-05
5.36605,0.00036654400024264456,0.0,1.5220491136190782e-05,0.0,-1.9234420193371667e-06,0.0,7.602429923038218e-06
5.368040000000001,0.00034015903258421807,0.0,2.181598929499095e-05,0.0,-1.5156516139388626e-05,0.0,7.0561822533031414e-06
5.36827,0.0003662153408348087,0.0,1.6937888588060145e-05,0.0,-1.1921804047200719e-05,0.0,3.10910133864308e-05
5.36965,0.0003459194428010465,0.0,1.514091770521217e-05,0.0,-2.5778325680948613e-05,0.0,1.8508056139218375e-05
5.3714900000000005,0.0004120638435525976,0.0,1.526302678887766e-05,0.0,-7.840670547121056e-06,0.0,3.3553307919027626e-05
5.373419999999999,0.0002862057909532402,0.0,1.9431212543443634e-05,0.0,-1.139734019228614e-05,0.0,2.7472109506223456e-05
5.3748,0.0001780422896303112,0.0,1.2642701135941508e-05,0.0,-1.541048433945207e-05,0.0,1.2589072906490465e-05
5.38009,7.304444224320813e-05,0.0,3.7391121620628598e-06,0.0,-2.6082202824079717e-06,0.0,5.8230557283874775e-06
5.3829199999999995,4.5200065036910354e-05,0.0,9.731293394688635e-07,0.0,1.1182790178057483e-06,0.0,2.2925997995143926e-06
5.3833400000000005,6.429349114231008e-05,0.0,2.6961045103084263e-06,0.0,2.4158546756643542e-06,0.0,6.532283526412103e-06
5.383859999999999,4.009633778630205e-05,0.0,2.018270452450016e-06,0.0,-5.413468815682841e-07,0.0,1.228101219415134e-06
5.38596,3.241442110459062e-05,0.0,2.2162837403454706e-06,0.0,1.549416259335397e-07,0.0,2.389905343570634e-06
5.38986,2.7674040501056e-05,0.0,2.179857042741372e-06,0.0,2.0513073977752793e-06,0.0,-9.423945943373337e-07
5.39308,2.778705952283175e-05,0.0,3.0778944936225155e-06,0.0,2.4288785025604655e-06,0.0,-2.0210243743490927e-06
5.40341,4.071432861476608e-05,0.0,4.1102145654305895e-06,0.0,3.5208697458450997e-07,0.0,3.6340392793492263e-06
5.41408,7.577031829690622e-05,0.0,4.328878699718748e-06,0.0,1.7131208614167323e-06,0.0,4.14782464108947e-06
5.42436,8.48595355389139e-05,0.0,3.939795264889916e-06,0.0,2.158334504578063e-06,0.0,7.026121010380463e-06
5.43541,7.477330681328296e-05,0.0,5.0160059500586305e-06,0.0,-1.3780911564615651e-08,0.0,5.100014574163508e-06
5.43926,6.647410491466593e-05,0.0,5.553002762937798e-06,0.0,2.8579250187761273e-07,0.0,2.7524568186107817e-06
5.4408199999999995,6.853051148590945e-05,0.0,6.877012201555047e-07,0.0,3.9564106473701205e-06,0.0,5.31059226438898e-06
