,a0,a2,a4,a0_err,a2_err,a4_err,Chi2,Pval,Chi2NDF
3.996,8.638685864660806e-13,4.555470913473581e-13,-1.5145760908595346e-14,7.690932585876313e-14,1.530570018918216e-13,1.875149557392166e-13,8.600113615365718,0.07191004840380497,2.1500284038414295
4.001,6.974903704816981e-13,5.785052832678189e-13,1.4327621881816103e-14,1.0378424243155348e-13,1.8551174037924764e-13,2.388903290197599e-13,7.116595127279559,0.1298535046655029,1.7791487818198897
4.0029,6.67803709779381e-13,1.9677783753027111e-13,3.26297132860341e-14,1.0625942455581217e-13,2.1059263067780207e-13,2.345342036480566e-13,0.7554682829931019,0.9443164767578994,0.18886707074827547
4.007,7.71737656988127e-13,4.1113638598179615e-13,-2.866841907292175e-14,1.2401178215835158e-13,2.463492981296148e-13,2.9071271772109156e-13,2.780632803113174,0.5951804400712084,0.6951582007782935
4.0091,9.30434890973625e-13,2.8696889712287005e-13,1.0793721838303054e-13,1.468026099293532e-13,2.944151527939483e-13,3.460131101933832e-13,4.497134830668535,0.3428873499871441,1.1242837076671337
4.01,7.654269793592442e-13,1.717206874765963e-13,9.790027349390542e-14,1.4522319718825168e-13,2.907047142544366e-13,3.213833988979754e-13,0.7067303860046591,0.9504963409119546,0.17668259650116477
4.0151,8.11466038857036e-13,5.082574467575096e-13,-6.701855850827822e-14,1.3109229647802615e-13,2.2093827459511448e-13,2.776598711226016e-13,2.597550453505654,0.6272571117861104,0.6493876133764135
4.0191,8.391031259470681e-13,7.264997293021035e-13,2.6861281190805434e-13,9.684053537645812e-14,1.9632331145246975e-13,2.229028101109226e-13,5.709518349341509,0.22191726638546883,1.4273795873353772
4.0199,1.0459589796932458e-12,4.255809571283043e-13,-1.9903781357794223e-13,1.5537593669527142e-13,3.1169681076250193e-13,3.5250631063168437e-13,0.4562033762255433,0.977622129847355,0.11405084405638583
4.025,1.0365454318968593e-12,4.3063279267254086e-13,-3.417486109687431e-14,1.5326913274264915e-13,2.9901027028434093e-13,3.1494317030062905e-13,1.2465161243204492,0.8703822612481164,0.3116290310801123
4.03,1.1533290605831973e-12,7.632626708863093e-13,1.1487641983580316e-13,1.292016244541903e-13,2.430976340462106e-13,2.9802647681694425e-13,6.498854881060643,0.1648625493409437,1.6247137202651607
4.0351,1.1059333380381483e-12,5.457649297264648e-13,-2.4788059884605547e-13,1.2007735741863987e-13,2.309501924858603e-13,2.876228509349576e-13,3.8339956703328433,0.42893800266714577,0.9584989175832108
4.27,3.399720106292538e-13,-2.575083318479668e-14,4.273404924828751e-14,8.378973217679633e-14,1.8591186838798073e-13,2.3004764186833724e-13,0.21336334935509593,0.89881174199398,0.10668167467754797
4.2901,3.290365261668069e-13,-1.1316606177368308e-14,-1.623574629717865e-13,8.765789799718907e-14,1.6112715495736484e-13,1.8080250490642271e-13,0.4550141306207892,0.9777299920760358,0.1137535326551973
4.2911,2.904740352145901e-13,6.946637748942483e-14,-1.557623443409208e-13,8.902140088430569e-14,1.3929431846475393e-13,1.7479019420588897e-13,0.9931539277997206,0.9108322949439117,0.24828848194993014
4.2932,3.120619300959645e-13,1.4510898468900824e-14,-1.3795661114488167e-13,1.0363821870960529e-13,1.6203062575504707e-13,2.2668646586514428e-13,2.0837034677818225,0.7203668916199724,0.5209258669454556
4.2942,3.897297023133836e-13,7.111120241255336e-14,1.7467090494318723e-13,1.1601479821782657e-13,2.1035666856507345e-13,2.7464229646415886e-13,1.625595298195291,0.6536002833009393,0.5418650993984303
4.2951,3.507429299500482e-13,-1.2505815368641322e-13,4.798276293922669e-14,1.0985071271170222e-13,1.624110789858645e-13,2.0505732822153482e-13,0.1819894466246671,0.9804430724402516,0.06066314887488903
4.2962,2.0941739790524696e-13,-3.8869401347079755e-15,3.534114855574385e-14,8.569543037431642e-14,1.3777951342783938e-13,1.7975944151213428e-13,2.0460414722716562,0.7272907662648054,0.5115103680679141
4.2972,4.957499756864076e-13,-4.584228125959781e-13,2.0967525485047186e-13,1.9399465530857123e-13,3.8428558347179354e-13,3.0617496337782264e-13,0.2712168605589587,0.9915956545856628,0.06780421513973968
4.2981,2.6054193088255826e-13,4.813478028721806e-15,-5.6549954619133826e-14,1.1615124815247898e-13,2.0240348132735115e-13,2.7832777655364347e-13,1.8602489397380406,0.7614429884581349,0.46506223493451015
4.2991,6.526573909083461e-13,-7.468163398550815e-13,3.7942793585868237e-13,5.673049921009147e-13,1.016655764476178e-12,6.756780779252047e-13,0.7428657703551587,0.38874441336724763,0.7428657703551587
4.3011,5.684868334517196e-13,3.751979737560798e-13,6.808832739565172e-13,2.7945057760399427e-13,7.537860560278363e-13,8.673231494220225e-13,0.040429680163883555,0.8406427986919577,0.040429680163883555
4.3031,6.130247133749225e-13,3.292768420311658e-13,1.120494327245407e-12,4.581825390441421e-13,6.843349416841398e-13,1.432426273761134e-12,0.6582455961001346,0.4171799978834716,0.6582455961001346
4.3052,3.533116067649174e-13,-5.6140609231267624e-14,-5.516752682197661e-16,1.8226429026651379e-13,3.5957252142666517e-13,4.5454227553617273e-13,0.9146547265175059,0.6329730940074814,0.45732736325875295
4.3072,6.980424680369357e-13,-1.1455815442584538e-13,1.0822225711267325e-13,3.12856255430488e-13,5.545486901063876e-13,5.547611129223773e-13,0.6663553948491431,0.8810874903200987,0.22211846494971435
4.3093,9.94593889420267e-13,-9.882556311102733e-13,6.012700268946936e-13,5.790121754019327e-13,1.1114138685345645e-12,1.0155678473600796e-12,0.4820842994211233,0.7858085040892986,0.24104214971056165
4.31,6.17523601098088e-13,-2.925408288436869e-13,5.448071978727517e-13,2.554114370246985e-13,5.39276565990221e-13,6.639656924135456e-13,0.19242282766768826,0.9788031434000027,0.06414094255589609
4.3112,2.1291836906229505e-13,1.2587810218389003e-13,-1.353321863398667e-13,9.971039853031287e-14,2.0832222400771836e-13,2.4677689170916065e-13,0.8836275636798944,0.642869338255092,0.4418137818399472
4.3131,6.151328643333332e-13,8.256278238095235e-13,6.346703268571422e-13,3.611914117151416e-13,1.1456389270916636e-12,9.610775907939966e-13,4.134179313294579e-31,0.0,inf
4.3151,2.615434405815807e-13,1.750264982942565e-13,-1.994229846094452e-13,1.4895123850733697e-13,2.4304885459503677e-13,3.8470229366954995e-13,0.39454258131924225,0.5299212406210954,0.39454258131924225
4.3192,2.7207264305786807e-13,-6.986275060840683e-14,-8.046785500071265e-14,1.3459114392636336e-13,2.361222692910348e-13,2.543610686959263e-13,1.0095434204236657,0.7989427459900635,0.33651447347455526
4.3212,4.577376993411609e-13,-3.6278065982952744e-13,2.848605511118033e-13,2.1373519909112517e-13,3.855100707569985e-13,6.074286701026064e-13,1.3774531181348246,0.7108282514723498,0.4591510393782749
4.323,4.686487530944626e-13,3.129033838677311e-13,-2.775500033304161e-13,1.893634641982789e-13,2.720097233681963e-13,4.2093160419292397e-13,0.08361147553478213,0.9991501174530512,0.02090286888369553
4.3252,3.5510626991897246e-13,-5.726488454630312e-14,-1.581381531175037e-13,1.7770828963717982e-13,2.6983579181051515e-13,4.132232826206907e-13,1.3332424633117892,0.7212548664320395,0.44441415443726306
4.3271,1.822018716326612e-13,8.157365633095635e-14,-1.32993321644162e-13,8.229304465690183e-14,1.5307670929271914e-13,2.414400822019093e-13,2.248627630212801,0.6901371207462157,0.5621569075532002
4.3291,3.9340542568282717e-13,3.9830244862806176e-14,5.036657616832945e-13,1.8839469045950852e-13,4.925749824365337e-13,5.63857471558045e-13,0.6711129490557313,0.8799765100256793,0.22370431635191043
4.3301,3.686524563275016e-13,7.567365390252565e-14,-1.5331677091193296e-13,1.7323789210403932e-13,3.780326955480178e-13,4.857578436455992e-13,0.013317919167171682,0.908125471947508,0.013317919167171682
4.3312,1.928788747959114e-13,7.363950194925766e-14,1.8846069481544572e-13,7.728506584274877e-14,1.9755789090035387e-13,2.303862902895842e-13,1.8343674859490444,0.6074848948459002,0.6114558286496815
4.3332,1.9783077373982683e-13,1.0376541132979194e-13,-4.957933088704153e-14,7.962398516520734e-14,1.2714157398436832e-13,1.7463692377122186e-13,0.8176963537112947,0.9360599998512237,0.20442408842782367
4.3352,3.306210112285024e-13,-2.7828147844523933e-14,-5.210455374503935e-14,1.215027023845832e-13,2.299417427741449e-13,3.420208187535753e-13,0.4236169868896159,0.9353217084607426,0.14120566229653864
4.34,3.6889982603902056e-13,2.492440431624294e-13,-6.355247555783223e-14,1.2015626359435018e-13,2.0676709043535097e-13,2.7455611906050517e-13,0.7165258012935131,0.9492754246910187,0.17913145032337827
4.3449,3.411415195088128e-13,3.7465564479197237e-14,-4.6268366513721486e-14,9.950549334159507e-14,1.9977888926897317e-13,2.46683751829722e-13,1.0839103816661504,0.8968165299587346,0.2709775954165376
4.35,3.3267494535739516e-13,1.6606487316486648e-13,-2.466012871013344e-13,8.606017689567823e-14,1.2821669783516468e-13,1.8180343015740246e-13,0.8506417651409284,0.9315327665475189,0.2126604412852321
4.3701,3.113878121938631e-13,2.0354494846423992e-14,1.6322340110279683e-13,9.112034414286514e-14,1.8572409070175968e-13,1.913298856349922e-13,1.917193506942896,0.7509858426371452,0.479298376735724
4.3901,2.950093799055216e-13,1.4372363009615738e-14,1.9920049665749016e-14,9.100897133037703e-14,1.71119447393229e-13,1.9863600728390452e-13,1.2473341133621079,0.8702455634522221,0.31183352834052697
4.41,2.083248365003968e-13,1.245070907381666e-13,-1.1197012276246155e-13,1.021428569102924e-13,1.943710189322137e-13,2.876098383484e-13,1.585096789716373,0.4526896919944172,0.7925483948581865
4.4202,1.6928891249442977e-13,7.908896856580276e-14,1.1621533722231997e-16,7.23405343104629e-14,1.4804096810046038e-13,1.9738204624504722e-13,0.27781282258671325,0.9641458095772307,0.09260427419557109
4.4302,2.640313061591067e-13,8.917438950848712e-14,1.1163672878798263e-13,9.71421233450862e-14,2.1533338871185763e-13,2.559991265272352e-13,0.7207050038117224,0.9487512401191867,0.1801762509529306
4.44,1.9233909240945027e-13,9.940092325438682e-14,-1.5531855107333234e-13,8.785992042113345e-14,1.6536062156248408e-13,2.7861250769840986e-13,1.2215973008032168,0.7478291835378847,0.4071991002677389
4.4499,2.098189638107934e-13,1.6394917817110432e-13,8.197675456127337e-14,8.721815579138906e-14,2.46150756106415e-13,2.656790554987593e-13,1.464734027592645,0.6904332846876717,0.488244675864215
4.455,4.812544695878184e-13,-2.2873121051183173e-13,2.8083201160673438e-14,2.4911664241658246e-13,4.40154472479546e-13,5.603437992172962e-13,0.5949654353483826,0.7426854184412457,0.2974827176741913
4.4601,6.203770378173861e-13,5.131024393532758e-13,-1.0812824027950786e-12,3.404449951966301e-13,5.163210340788491e-13,1.1129307889424152e-12,0.0361133918226102,0.8492815174147409,0.0361133918226102
4.47,6.456815556216651e-13,-4.2877410005475906e-13,1.70832185370636e-13,4.5043140440524984e-13,7.019214541402451e-13,8.397946781770907e-13,1.8032260037873464,0.40591439072667945,0.9016130018936732
4.478,3.7860567099422836e-13,-2.6706736658129337e-13,2.168595597909648e-13,2.5937910307918143e-13,5.377509229611162e-13,3.61417127245761e-13,0.9943745925577262,0.6082390522308867,0.4971872962788631
4.4861,3.5578457056140133e-13,-4.8508382585623894e-15,-8.52496279976616e-14,1.6812449547087388e-13,3.806377241935113e-13,3.449386164764067e-13,0.19577765578973222,0.9782680332095006,0.0652592185965774
4.4882,1.595805235290158e-13,8.163308900169054e-14,2.6370682512094556e-14,6.574666960178092e-14,1.3693944913214893e-13,1.7503390665049478e-13,1.1493908121110883,0.8863587102582757,0.2873477030277721
4.4901,4.198903393931901e-13,-3.317231544336476e-14,-1.8527811819865476e-13,2.1083526793646745e-13,4.027484186282469e-13,6.512001704519889e-13,0.7198266886920983,0.6977367862888848,0.35991334434604916
4.4922,1.739036374442736e-13,1.1049174100063482e-14,6.03851722504629e-14,7.043822321278734e-14,1.6388892713560945e-13,2.182891397567866e-13,1.347534229914034,0.8532605971961946,0.3368835574785085
4.495,2.8852193692666925e-13,1.1875787904921942e-13,1.4886550572335048e-14,1.1072132908889145e-13,2.0512022270001627e-13,2.599403085981628e-13,0.08314560589949471,0.9937802830209627,0.027715201966498237
4.5,2.2948666820060577e-13,-7.915743932798337e-14,2.2419281835574384e-13,1.11908639583762e-13,2.2553900817384987e-13,2.092172933974626e-13,0.38594398806394925,0.9431305850576671,0.1286479960213164
4.5102,1.8806734879461585e-13,-5.3562563092096015e-14,3.4186696062627344e-15,8.425852250860811e-14,1.8650951772736932e-13,1.5496870919506947e-13,1.489090757399128,0.6847904571197152,0.49636358579970935
4.5122,2.8618850823685745e-13,1.747954412583798e-14,-5.722216904398453e-14,1.1666372069769412e-13,1.8968732950579862e-13,2.652666428985882e-13,0.9256271588517403,0.920855740079208,0.23140678971293507
4.5151,2.612759979774397e-13,-1.2919095904339996e-14,-1.5607415343018263e-13,1.2520897940092013e-13,2.515680781648816e-13,3.079249674157735e-13,1.5282232078850304,0.6757719144968051,0.5094077359616768
4.5201,3.5129673239860027e-13,-1.820530773282933e-13,8.590969283178534e-13,1.4470029176890667e-13,5.152107117083149e-13,6.098819698209069e-13,1.6376098030054138,0.6508924324209673,0.545869934335138
4.5252,2.952733258725667e-12,-4.6133189064973855e-12,2.796571985265125e-12,1.4951034874833218e-12,2.4462370263308522e-12,1.6557787351434765e-12,0.37838727199937344,0.8276262329448674,0.18919363599968672
4.5294,2.5159147807018453e-13,2.510960541902957e-13,-2.8301367519508227e-15,1.9399286962455895e-13,2.284002337544797e-13,4.447527374149792e-13,1.1620043647760943,0.5593375273618609,0.5810021823880471
4.5351,1.2096808815025959e-12,1.7759380808417334e-12,4.478175317304554e-13,9.186286736476511e-13,1.7241118128171259e-12,2.648928956227397e-12,0.748432668852808,0.38697291120502564,0.748432668852808
4.5402,2.6706134324395356e-12,-3.90155908229023e-12,2.0976702426696616e-12,1.363586746753168e-12,2.221189871743447e-12,1.218901323327227e-12,0.07002830717669917,0.9655917495727132,0.035014153588349584
4.5498,3.402950892102831e-13,1.5934905972075916e-14,5.04513581456331e-13,1.6365219736740308e-13,5.76487086727353e-13,6.021981879468125e-13,1.540887934765278,0.46280755123597705,0.770443967382639
4.5602,9.664873157233216e-13,8.300712995363758e-13,-6.868155045642129e-13,4.570696408474105e-13,7.836930717056642e-13,1.099518432974314e-12,0.4810081106865598,0.7862314570031961,0.2405040553432799
4.5701,2.6147735535439477e-12,1.944922569773401e-12,3.2875008694832013e-12,1.3653344683386644e-12,3.5131835771943945e-12,4.516145180742693e-12,0.43096208872876557,0.5115172432242234,0.43096208872876557
4.58,1.9712703393824625e-12,-8.853661699279932e-13,1.103935730278102e-12,9.684416404947448e-13,2.1133513650200846e-12,1.9579573849209175e-12,0.012265493595318398,0.9118148422474435,0.012265493595318398
4.5901,3.9531778661398406e-13,-3.5680935059883757e-13,-3.3995986323170064e-13,7.26119342405508e-13,2.9154817348721346e-12,3.191906557756287e-12,0.665274269358096,0.4147040797951642,0.665274269358096
4.6003,3.4183247465253e-13,5.850155307321914e-14,4.509652890443281e-13,1.5252035211986475e-13,3.587115119381428e-13,3.6064872951271246e-13,0.9723967411844832,0.8079307074144113,0.3241322470614944
4.61,1.7997906271746694e-12,-1.7340759239782689e-12,1.0417201131124854e-12,9.558610566654031e-13,1.7843767421483258e-12,1.3654997069881894e-12,0.08443275197980948,0.9586623266193601,0.04221637598990474
4.6202,1.5239025231173699e-12,-1.5798534796293207e-12,1.8256823144466259e-13,8.444403124940128e-13,1.4065732282767667e-12,7.667774048017315e-13,1.2048434928705143,0.7518428779300736,0.40161449762350476
4.6299,3.9945123285545113e-13,2.3888602288514366e-13,-5.398707687235521e-15,2.0067240781624346e-13,3.836602662120542e-13,5.564690391033909e-13,0.8148757405719832,0.6653527882923417,0.4074378702859916
4.6352,6.659878535276351e-13,-4.606241500082401e-14,-1.266135861333963e-13,3.142412670293371e-13,4.801333983629336e-13,7.980710588551908e-13,0.16626254033284013,0.9202303405011968,0.08313127016642007
4.64,3.5870211167779614e-13,1.8103525291861575e-13,2.953408900082428e-13,1.526521809768054e-13,4.1272398109476056e-13,4.268445330750322e-13,0.4905088647482305,0.9209715699275178,0.16350295491607683
4.65,2.643807561429064e-13,8.523871769532161e-14,-9.412215933627008e-14,1.3831525685383023e-13,2.2187272304819997e-13,5.31337183132474e-13,2.3255247801878944,0.5076486805816036,0.7751749267292981
4.6701,4.719164533022348e-13,-1.089861956797689e-13,1.5497878823257498e-13,2.293848104477827e-13,5.174214777893245e-13,5.051415057104509e-13,0.4117131790628941,0.9378123379946317,0.13723772635429804
4.6802,2.4962626708471547e-13,-6.695773765310768e-14,-2.3250963276494774e-15,1.0414417803358026e-13,2.1069744129767302e-13,2.4426509804024154e-13,0.9500635469346493,0.9172710723849578,0.23751588673366233
4.6899,2.907135423064162e-13,3.7042686750961367e-13,2.886176408927073e-14,1.1438253678790106e-13,2.519800287843511e-13,2.6443202271204435e-13,0.11728980395039597,0.989684767971827,0.03909660131679866
4.71,6.081617387113766e-13,1.8636036583734402e-13,-2.1189054291153e-13,1.2106125887107213e-13,2.1183546884117237e-13,2.5914848573690107e-13,1.3187546588677337,0.8581855877161702,0.3296886647169334
4.73,9.127722710810205e-13,2.8383464442903387e-13,7.638288396824471e-14,1.8122998899939463e-13,3.6018539303798477e-13,3.854931644622041e-13,0.8799510387159388,0.9274193834786838,0.2199877596789847
4.75,4.257449911860408e-13,1.7448251738893375e-13,7.598325888212204e-14,1.3163175900198e-13,2.65815649739267e-13,3.099708701706543e-13,3.523172201248462,0.4743637190290626,0.8807930503121155
4.7552,2.729741552391051e-13,1.1209292952815242e-13,2.964458233408995e-14,1.2435565931807242e-13,3.76811829884289e-13,4.311577156060434e-13,1.160076607312194,0.7625946362689691,0.386692202437398
4.7589,4.883202411972994e-13,1.905366796836001e-13,-2.362332277820723e-13,2.433881357720109e-13,3.596683977478199e-13,4.551830749233047e-13,0.0007924808124064717,0.977541689560037,0.0007924808124064717
4.77,3.2587857689535397e-13,3.437258026654529e-13,-1.6977625193431376e-13,1.5765603053356712e-13,2.630657026154002e-13,5.020463452722459e-13,1.7670330637918394,0.7785080039122871,0.44175826594795986
4.775,4.5118788072423434e-13,-1.6559539634865372e-13,5.750132358228994e-14,1.8576273522212824e-13,3.734473389076427e-13,3.4517441923693565e-13,0.9961351342091319,0.9103814621319143,0.24903378355228298
4.7802,9.141847783938921e-13,-7.688885837054184e-13,4.818500648001605e-13,4.88524416041634e-13,9.749353003194296e-13,8.087820541736937e-13,0.24684979070821406,0.9696936284643034,0.08228326356940469
4.7901,9.48593554206144e-13,-4.2204291509896216e-13,-1.6178213801500552e-13,5.816719076328261e-13,8.720193406520333e-13,1.0188738816493831e-12,1.0878158890073766e-29,0.0,inf
4.7999,3.9858043275327813e-13,-6.589371877897168e-16,-1.6127965530392197e-13,2.1284957814726323e-13,4.117551254266305e-13,5.233811738657235e-13,0.7413827948945422,0.6902569237423816,0.3706913974472711
4.81,4.2256189479011303e-13,-3.6070742780541275e-13,3.4285548333570545e-13,1.9537039212167434e-13,3.568934329278097e-13,3.9454676165949273e-13,0.0678824283159242,0.9953907767629226,0.022627476105308065
4.8122,2.6516916590349596e-13,2.3761049682402824e-15,1.4305147581252433e-13,1.066798169751185e-13,2.739293723770308e-13,3.21360489047431e-13,1.2853099023862167,0.8638629498315711,0.32132747559655417
4.8153,3.282211287905531e-13,-8.143103812366225e-14,1.0494819069828701e-13,1.3177291075141518e-13,2.760186796856258e-13,2.7374770926596747e-13,0.5813860796142774,0.9651094874952216,0.14534651990356934
4.8201,3.7051829729193184e-13,-7.433171367449516e-14,2.2157755449783934e-13,1.3340583608730636e-13,2.899980380166617e-13,3.999961448920342e-13,0.27901744844118914,0.9639251862333656,0.09300581614706305
4.8299,4.528959311259096e-13,1.1748107339760336e-13,-1.6225853504713506e-13,1.1733480186157157e-13,2.3115330189611003e-13,2.7730464773774705e-13,0.7219950493096422,0.9485890397322102,0.18049876232741055
4.85,4.630796617201797e-13,4.304991399038615e-14,6.461531396046361e-14,9.87535845299617e-14,2.187561744627937e-13,2.1632833949985902e-13,0.9719240516785742,0.9140229170466292,0.24298101291964355
4.8663,1.0287412083293935e-12,9.813048324569438e-14,2.8228120598294e-13,1.4197337266987831e-13,2.919107939839815e-13,3.392893601410772e-13,4.399550232868361,0.35462492930225836,1.0998875582170902
4.8899,8.693655653455929e-13,1.0187162723934622e-13,-2.1542628318391848e-13,1.0843540424729985e-13,2.0007557615751702e-13,2.406899961166306e-13,2.1590675135514767,0.7065296971309301,0.5397668783878692
4.8999,5.228091027839776e-13,1.2317093794567072e-13,-5.094920307148883e-13,1.748437447901876e-13,2.830901860455383e-13,3.6511440831101174e-13,1.2590078735063972,0.7388892977972281,0.4196692911687991
4.9101,5.298264656419171e-13,-3.400846638795799e-14,7.320708327814132e-14,1.5904432406144457e-13,3.1912323138039995e-13,4.006028636108302e-13,0.8647240621222803,0.8339312597306794,0.28824135404076007
4.92,2.838635737316896e-13,2.4956969674068664e-13,-1.2001365988938194e-13,1.4224307878757568e-13,2.559059341752764e-13,3.547935394407116e-13,1.3256609612578063,0.7230488338745653,0.44188698708593543
4.9262,2.5117542084272134e-13,1.825507450642612e-13,-5.0667327468196276e-14,9.126497078150706e-14,1.7216543723964301e-13,2.452937111972468e-13,1.556000374273892,0.8166775441818228,0.389000093568473
4.9302,3.77896458766103e-13,8.494972543963685e-14,1.6737126152961217e-13,1.3479657204741405e-13,2.4553085138765086e-13,2.7911243573524046e-13,0.6828868483039421,0.953422432317459,0.17072171207598552
4.9369,3.798694539667617e-13,1.5704099464329013e-13,7.205766575079261e-14,1.1319664902229495e-13,1.8519963432591008e-13,2.6041938305747164e-13,8.280891408287358,0.08181408061186453,2.0702228520718395
4.9467,5.494144756765636e-13,2.722767805880574e-13,2.168123846640229e-14,1.3252776398411034e-13,2.5103300488284297e-13,2.9079739766078694e-13,1.1493046246423724,0.8863726501014069,0.2873261561605931
4.9503,5.876546234227112e-13,8.256636525875947e-13,5.254858367986042e-14,1.6900656382520757e-13,3.2060783603581736e-13,4.704147873556273e-13,2.1561532718231176,0.707064162327345,0.5390383179557794
4.9568,4.064250907422538e-13,3.3334860666300455e-13,1.636444220644373e-13,1.4908509930482235e-13,2.540190883288891e-13,3.8572322728366663e-13,0.8085254001082981,0.937301474915134,0.20213135002707452
4.9619,8.732140814132105e-13,4.050557236075905e-13,-7.275743413401087e-13,1.7103167270627354e-13,2.77710493177511e-13,3.691489476823478e-13,1.4849533644164805,0.8293034060057224,0.37123834110412013
4.9647,8.740137353854902e-13,-3.0185710622671195e-13,3.5667347131971424e-14,1.9985508320949048e-13,4.2655347380251215e-13,3.9603834820543217e-13,2.8859699254101034,0.5770857986434166,0.7214924813525259
4.9679,9.70789291422277e-13,5.204112305898344e-13,1.614856799469927e-13,1.8605359531106844e-13,3.7294049357942384e-13,4.4923881541197427e-13,0.2753863283996522,0.9913471610800195,0.06884658209991305
4.97,8.083493930425745e-13,1.6346852494613826e-13,3.2403377688204364e-13,2.3716319323633114e-13,5.142116809299488e-13,6.647973940201541e-13,0.5771435535758753,0.9655693790544726,0.14428588839396883
4.9728,1.1728573209529974e-12,4.698611303810333e-13,2.075312010217049e-13,1.887599009148432e-13,3.5447372884675677e-13,4.1128978648842984e-13,0.2913760003705346,0.9903640560103709,0.07284400009263366
4.9746,1.2286060802382566e-12,5.167938707304005e-13,-1.612725277105477e-13,2.199856063335745e-13,4.704080436816445e-13,5.204146986671942e-13,1.771841272233732,0.7776299323542006,0.442960318058433
4.9847,1.5358695801188068e-12,8.739395430851378e-13,-3.3572447479737293e-13,1.9876845768705164e-13,3.4268849820151696e-13,4.3916909114020015e-13,12.13435774363594,0.016379618366554795,3.033589435908985
4.9901,1.3180812508953647e-12,8.993470287053342e-13,5.849921672790416e-13,2.419159213772096e-13,4.78250974802175e-13,5.423766222967373e-13,5.2401907077753505,0.2635281758371582,1.3100476769438376
4.9947,1.5885292818793803e-12,4.729409056545189e-13,-5.954890219118837e-14,2.001970721899114e-13,3.9169915116871205e-13,4.428966840182293e-13,2.4216037368064356,0.6587266785715302,0.6054009342016089
5.0046,1.5878052707936817e-12,7.688361838251942e-13,2.836877642693388e-13,1.546217963524146e-13,2.9266580757172103e-13,3.553771367310544e-13,9.807201462505414,0.04380364380952666,2.4518003656263536
5.01,1.5475891390683409e-12,3.541578346466087e-13,2.747735270391986e-13,2.2347222060096568e-13,4.503066933258685e-13,5.25527102874766e-13,2.198020394295588,0.6993917164462418,0.549505098573897
5.0148,1.1913992696572864e-12,3.0884818319331565e-13,6.302565040364384e-14,1.742379807764193e-13,3.571970676220035e-13,3.5909560824622405e-13,1.100789879909783,0.8941468625576683,0.27519746997744576
5.0177,9.891376142818098e-13,5.6595804794772595e-14,4.869159805584673e-13,2.450047058033896e-13,5.224202087228236e-13,5.104934055641605e-13,0.3937268172461223,0.9829872789323811,0.09843170431153057
5.0179,1.0160194492142184e-12,7.32153947699866e-13,2.1378984365648876e-13,1.7374179659237956e-13,3.0695069049645173e-13,3.966686331571335e-13,7.5241746177926485,0.11064800676740232,1.8810436544481621
5.0198,8.748329301450283e-13,4.625960642047165e-13,-2.579209170623887e-13,2.3198641023014527e-13,3.838155535941643e-13,4.4931258814838986e-13,1.8107176865208645,0.7705209123985063,0.45267942163021613
5.0248,3.5614487436135005e-13,2.0508676379100186e-13,4.165222454164061e-13,1.3524739904511257e-13,3.5890323841985586e-13,3.5207121264167016e-13,1.2316571287496292,0.8728594817391356,0.3079142821874073
5.0278,4.401838367270185e-13,-3.815364902695028e-13,2.778867722014538e-13,2.2867419269541295e-13,4.180089208528656e-13,4.120312941897212e-13,1.356269623658106,0.7158166104866883,0.452089874552702
5.0301,5.025983349508067e-13,-6.127855186611222e-13,3.2550620662165625e-13,2.32077241644649e-13,3.942319647241434e-13,3.333472517883231e-13,0.5605178562151731,0.9054083532928037,0.1868392854050577
5.0328,5.935177656221416e-13,1.1386466879373283e-13,9.510764089175851e-14,2.6757292845724667e-13,5.6624846433252e-13,9.771312303371894e-13,0.4196151961013005,0.8107402189634967,0.20980759805065025
5.0359,4.2651024862771116e-13,2.629264401633549e-13,-1.8912780608699843e-13,1.711842831995074e-13,2.4799619550211346e-13,3.499505552084031e-13,0.6132305502405387,0.9615821857332607,0.15330763756013469
5.0387,2.367646590102225e-13,1.5731365884814154e-13,-2.3159751663094515e-14,1.1257389196061856e-13,1.7367243434771167e-13,3.086112486227724e-13,1.8400222143652694,0.7651524865704298,0.46000555359131734
5.042,5.917369010658063e-13,-3.946871458395733e-13,1.2736371103607277e-13,2.842404089912457e-13,6.681836823868946e-13,8.200912501306254e-13,0.6898078068658733,0.7082884142826456,0.34490390343293664
5.0448,5.998127086053756e-13,-4.5221663965292787e-13,4.315684166546219e-13,2.694785986445049e-13,5.796722654349143e-13,5.016755827930779e-13,0.679349392294793,0.9538509317926361,0.16983734807369824
5.05,3.7656814177238556e-13,-1.69622231774528e-13,2.6810249319438006e-13,1.8168524996481748e-13,2.9255733501665385e-13,4.422870067109295e-13,1.6177720230136634,0.805594456377361,0.40444300575341585
5.0548,3.0197645105094904e-13,-1.8068317064535387e-13,1.2159117026104636e-13,1.3216736509173465e-13,2.794653834735421e-13,3.295660164454685e-13,0.5835686578950191,0.9001834341564948,0.19452288596500636
5.0649,5.525744350530595e-13,2.2207714951978866e-13,-3.667267174417412e-13,1.9876077303554704e-13,2.7114311446554807e-13,4.124903848525129e-13,1.3691720012218287,0.8495349779551854,0.3422930003054572
5.0699,5.181581202972845e-13,-3.2293078416205584e-13,5.229888156160489e-13,2.3626105951270553e-13,3.943605684268536e-13,5.264747920877407e-13,1.1342642264629783,0.8887983974075824,0.2835660566157446
5.0745,1.0020728325574523e-12,1.0383414731252406e-12,-6.100125801886766e-13,2.0248577140527711e-13,2.7808453039227576e-13,4.4241076347132493e-13,0.5527312244447936,0.9681686919096857,0.1381828061111984
5.0842,5.976079958811205e-13,4.5136256573659575e-13,-1.8860228290135555e-13,1.78299459493771e-13,2.7255121146761163e-13,3.961002703771408e-13,1.609219476179279,0.8071341583128304,0.40230486904481977
5.09,4.59619755811596e-13,7.261831396629349e-14,5.719251235075365e-13,1.6107759532867915e-13,3.55270483875726e-13,3.1903446495060365e-13,0.7147379958188166,0.9494990661945913,0.17868449895470415
5.0937,3.4812207707270567e-13,-2.5238186729798975e-13,3.7028056311008825e-13,1.5602356192962765e-13,3.1703596937701283e-13,3.4975331802398523e-13,1.130784523840224,0.8893576461486712,0.282696130960056
5.0968,2.811042011168686e-13,-2.2732739435371337e-14,8.437235681365886e-14,1.11919058255017e-13,2.5760212705614497e-13,3.001721950453542e-13,1.6786322330247607,0.7945953482766978,0.4196580582561902
5.0989,4.934391156927986e-13,6.474584588145837e-14,1.7115294002463006e-13,2.399113572032997e-13,7.008395125505363e-13,8.167494062018569e-13,1.234934277235993,0.7446383947220006,0.4116447590786643
5.1,5.127228045874081e-13,7.788076983884919e-14,-3.81672780378382e-13,2.2056356610949407e-13,2.8137783569248583e-13,4.854195055405366e-13,1.6322766001042772,0.802979683296227,0.4080691500260693
5.1004,7.669991757702625e-13,7.410483741853879e-13,3.378676025349585e-13,3.815738815475407e-13,8.434091908217955e-13,1.363975111736866e-12,0.7944904254461145,0.672169180987256,0.39724521272305724
5.1007,7.660281965986609e-13,1.3337561695706116e-13,-1.8614199596813186e-13,3.5624492102584853e-13,5.145879761992221e-13,7.518204330565533e-13,0.408478646401636,0.9384854892595603,0.13615954880054534
5.1029,3.32708261818663e-13,1.1611264739730797e-13,-6.102278221715283e-14,1.69258284883304e-13,2.3004775407799414e-13,3.5992339153999937e-13,1.5118251073613405,0.6795438034007732,0.5039417024537801
5.1049,7.752160371424959e-13,-2.59218291872196e-13,-1.581538365944225e-13,3.622833077062432e-13,5.384430452872862e-13,6.229650183816415e-13,0.1647404558635656,0.9830700096500339,0.054913485287855196
5.1069,6.917626540250429e-13,-3.7900652717535675e-13,2.383829521978815e-13,3.588848658018353e-13,7.327593969688177e-13,8.978809614306652e-13,0.4064514195576411,0.816094020235326,0.20322570977882054
5.1088,3.3133039446600634e-13,-3.9644879763981205e-14,2.481583721389964e-13,1.5130975733071336e-13,2.9547508339050215e-13,5.932091299194324e-13,2.7503826742573083,0.6004275225689153,0.6875956685643271
5.11,4.5170437036083487e-13,2.5702849999759864e-13,8.408613500284152e-13,2.3388556841033037e-13,4.985219367555745e-13,7.351374061496903e-13,0.9407745219573961,0.8155784723044481,0.31359150731913205
5.1108,3.448444892666271e-13,2.1242895311284128e-13,-3.722664494205058e-16,1.4611593196215385e-13,3.312566870814671e-13,4.3908542363389303e-13,1.578200835442189,0.8127046788058985,0.39455020886054726
5.1138,4.771498996036841e-13,4.07343632910592e-14,1.1193361298438811e-13,2.201993134793118e-13,4.511785385448033e-13,7.404584611841439e-13,0.6554633789241416,0.7205563266266051,0.3277316894620708
5.1188,5.371494659992725e-13,-4.908267057050272e-13,6.440092300481826e-13,3.0291635428369576e-13,5.414463937078243e-13,5.562522908036312e-13,0.777835279500914,0.6777900906762435,0.388917639750457
5.1238,9.491609396970756e-13,-3.066791007131588e-13,3.617365906544194e-13,3.736431814574831e-13,7.66904691626944e-13,7.509398967966597e-13,0.19286737779737806,0.9956386612890085,0.048216844449344515
5.1285,4.5047712662945233e-13,1.7844550636114264e-15,-8.86795564681258e-14,1.854428189456349e-13,3.57848449733984e-13,5.081933697821253e-13,2.142733568242967,0.7095260177226574,0.5356833920607418
5.1299,5.247346011064459e-13,5.335109124773797e-13,-3.8287826578429264e-13,2.35014152407666e-13,2.848727678712439e-13,5.047467906704698e-13,1.3528967540946462,0.8523390522224356,0.33822418852366154
5.1338,5.965157272655167e-13,4.444211293863138e-13,6.299305180872912e-14,2.352799841024731e-13,4.575908617021481e-13,6.361824264488219e-13,0.7794700708895098,0.9411790055200353,0.19486751772237745
5.1389,6.372603497018109e-13,1.7642393534578227e-13,1.7191723056817483e-13,2.402636093574725e-13,4.4303080148439887e-13,5.399528035396869e-13,0.32461299673901356,0.9881704194762145,0.08115324918475339
5.1417,6.897550227148236e-13,3.188605147022988e-13,-1.2375656852040347e-13,2.665288958290716e-13,4.762299967101077e-13,5.654324333940425e-13,0.6600088492651104,0.9561675157385394,0.1650022123162776
5.1447,8.709618666003296e-13,2.539054135301307e-13,-3.915181365548719e-13,3.5822294582408324e-13,5.526902061131702e-13,7.569411371248313e-13,0.23213427461945346,0.993763412469128,0.058033568654863366
5.148,1.045987767821071e-12,9.143203941103284e-14,2.935976251917877e-13,3.886420356016137e-13,7.546685742903771e-13,1.0262494911678413e-12,0.2685188494081299,0.9917547044821378,0.06712971235203248
5.15,1.0904436517464883e-12,-1.4908026261070806e-13,-7.241272608550666e-13,4.652720196973077e-13,7.116190708414018e-13,1.1177399285322718e-12,1.254787080698269,0.8689985169074261,0.31369677017456726
5.151,5.560306025250625e-13,5.822952774591359e-13,2.810724586527837e-13,2.191575072244606e-13,3.5631486661477164e-13,5.350344808494683e-13,2.3693464535836264,0.6681737981702167,0.5923366133959066
5.157,1.0160551764267982e-12,9.555644065103153e-13,-5.475356070753869e-13,3.0535474908578026e-13,3.821669325702179e-13,6.691303162852134e-13,3.1888200657170946,0.5267385889085405,0.7972050164292737
5.1594,1.2381303541014728e-12,2.602843087471339e-13,2.516960264559792e-13,2.6635911519100597e-13,5.091587620194509e-13,6.527643874962642e-13,0.4988151611000615,0.9736162204766965,0.12470379027501538
5.17,1.2600473028175356e-12,6.268097366280529e-13,2.387002636778498e-13,3.557240943888073e-13,6.480700509380016e-13,8.04564138629526e-13,0.8284701237657622,0.9345910086739578,0.20711753094144056
5.1898,1.3664666274977129e-12,2.604863249760317e-13,-2.605964200210071e-13,2.489154914514397e-13,4.816306545460445e-13,5.346982719824988e-13,0.606436969945518,0.9623457143262217,0.1516092424863795
5.21,1.3290278357086182e-12,2.9109733773481884e-13,6.073763094806798e-13,3.030580108874619e-13,5.649215670029316e-13,6.815683031594633e-13,2.1237799227756655,0.7130049313813507,0.5309449806939164
5.23,8.100541654905672e-13,7.746019638287864e-13,1.1529693242191477e-13,3.0694403288212576e-13,5.512361485535166e-13,7.981931334553894e-13,0.4386783365188513,0.9791894693432595,0.10966958412971282
5.2395,8.36126661765353e-13,8.212023388629252e-13,3.5066970830029215e-13,2.3763013305857663e-13,4.638235336031092e-13,5.597474255651974e-13,0.6119679340250006,0.9617245377260853,0.15299198350625015
5.2431,7.540650024995294e-13,-5.671937732835834e-13,1.0654524309803755e-14,3.193016081885039e-13,6.166309588600041e-13,6.495943918407256e-13,2.161984029078431,0.7059948723652183,0.5404960072696078
5.2501,6.893030770975534e-13,1.8477760929135225e-13,-2.9299814138900904e-13,3.0507493752584435e-13,4.755265913041233e-13,7.347628919984429e-13,1.2001685383287226,0.8780708682322853,0.30004213458218065
5.2599,4.943917744046296e-13,3.4042121091858356e-13,2.130570763094953e-13,1.9193599191707992e-13,4.176494995863612e-13,6.449929201329629e-13,1.1971068372009586,0.8785747280969318,0.29927670930023964
5.265,1.301994735262014e-12,-7.851764878533017e-13,3.009028692587996e-13,5.723702755773638e-13,9.23467018774702e-13,1.010615235800616e-12,0.7487750450405701,0.9451805336774534,0.18719376126014253
5.27,1.188592782970813e-12,-5.501753511056848e-13,1.0212995291779861e-12,4.963915075106244e-13,1.1292074170929825e-12,1.3908716332317327e-12,0.7659490345491263,0.8575930151393396,0.2553163448497088
5.275,6.546243453038152e-13,5.6125459031523715e-14,-3.644493063045759e-13,1.9253950388814712e-13,2.8501251008646146e-13,4.551981306076829e-13,2.696874457084876,0.987685831729735,0.26968744570848757
5.2798,9.673748635854043e-13,1.2886707028928564e-12,1.7458748624755603e-12,4.115759694487226e-13,1.3970338029426439e-12,1.1386648631508067e-12,1.087753198424545,0.7800313026869803,0.36258439947484833
5.285,8.482020843634483e-13,-8.368155457295151e-13,7.172769009690588e-13,8.012936892193268e-13,1.6938054094646097e-12,1.1714477248480774e-12,1.7572066439641933,0.4153626346054218,0.8786033219820967
5.2902,1.1702215589960915e-12,-5.897042839084801e-13,3.4706330060378553e-13,5.610541473721837e-13,8.923992345754735e-13,9.491917276241211e-13,0.1601209279688783,0.9837548125311845,0.05337364265629277
5.2929,3.240458741379049e-13,5.758272250748641e-15,-3.7843753865224426e-14,1.4360438329383722e-13,2.606734814584567e-13,2.9274072092324604e-13,2.5296006294719446,0.6393433014200606,0.6324001573679862
5.2977,3.7512778499879553e-13,-3.6298667409541767e-13,3.175242147127634e-13,1.960821058557944e-13,3.1836501009510094e-13,5.842235921814495e-13,1.961798998553444,0.580373202040559,0.6539329995178147
5.2997,1.0185984847372693e-12,9.67438647898576e-13,-3.0216669561156757e-13,4.981372658049773e-13,1.0049184855315634e-12,1.5095382580306305e-12,0.5880008828832246,0.7452761624473054,0.2940004414416123
5.3024,6.55671576335489e-13,7.839918339808566e-13,-9.736198173499121e-14,3.422995673854767e-13,4.867785038110918e-13,8.83367813135737e-13,0.2796489045682261,0.963809399701807,0.09321630152274203
5.3082,8.212851002988511e-13,3.945484637123533e-13,-1.2030557422767967e-13,3.304979640293912e-13,6.651017364792139e-13,8.836047875192496e-13,0.5421714846866795,0.9095335043434146,0.18072382822889319
5.3129,7.450018563119522e-13,6.62213550155687e-13,-1.511091730566808e-13,2.934043269130137e-13,4.889643011668759e-13,7.299321755811788e-13,0.1820907695238194,0.9960985509610678,0.04552269238095485
5.3175,7.658364812511672e-13,-2.5980352937033746e-13,-8.267267283081338e-14,3.2106075836579667e-13,4.882256785758069e-13,7.374761479747592e-13,1.56586564798253,0.814913617910775,0.3914664119956325
5.3228,1.1258956482518376e-12,7.614161036231508e-13,-2.509101768529085e-13,4.3766746709764523e-13,7.417651020457086e-13,9.651834852649149e-13,0.7347217566608648,0.9469789988921632,0.1836804391652162
5.3277,1.1629602069187994e-12,2.3394523343147127e-13,-7.096159008033216e-13,4.596482084313511e-13,7.064973474884057e-13,9.341882785628265e-13,0.3091349534348927,0.9892168773044867,0.07728373835872318
5.3329,9.068029613090318e-13,5.076276592224316e-13,-1.5279527454879177e-13,2.8142911737685195e-13,5.593604885602558e-13,7.592559947543022e-13,0.8511747699263762,0.9997107389667278,0.09457497443626402
5.3375,8.029941292287838e-13,-6.691085902238029e-14,-2.022965005919726e-13,3.7787223242710826e-13,8.137596351962806e-13,8.830192237123231e-13,0.3187369100702577,0.9564669038809114,0.1062456366900859
5.3427,1.0904774772304656e-12,1.0471398579596305e-13,-1.029664333211436e-13,4.4947163378502826e-13,6.79236681103907e-13,1.0111637122115058e-12,1.769130875407073,0.7781249369099819,0.44228271885176823
5.3429,8.22121659771377e-13,-2.186204277669462e-14,7.799789382127684e-13,3.0557274978288004e-13,7.165677382332548e-13,8.197212333027254e-13,2.033162830708346,0.7296591977465683,0.5082907076770865
5.3469,1.0551337092709037e-12,7.392854789403324e-13,3.6889714306556493e-14,3.3245303031849814e-13,6.76189121014432e-13,8.410628749941408e-13,1.6167068912514573,0.8057862961182634,0.4041767228128643
5.3483,1.20762799423781e-12,-1.5470327276326244e-14,5.49094693936206e-13,3.9719510281128525e-13,7.957846224909708e-13,8.322410502229007e-13,2.3208719858635756,0.5085341854346215,0.7736239952878585
5.3486,1.375492459060608e-12,4.3025370910896806e-13,-1.025827526606842e-12,3.231034360718991e-13,4.888551362322298e-13,6.815266624035841e-13,0.3150328057473748,0.988823204671333,0.0787582014368437
5.3521,7.592232828632092e-13,9.095942221831522e-14,7.31121624686597e-13,3.1434936999892707e-13,7.539028064313079e-13,7.697022170145731e-13,0.9954712052039465,0.8023477907819863,0.3318237350679822
5.3536,1.3444551336070313e-12,3.9573538710586263e-13,-1.099259835066081e-13,3.13388161251796e-13,5.50427444085919e-13,6.895460215235192e-13,1.8948420808002076,0.7550924502695997,0.4737105202000519
5.3579,8.896479960329714e-13,-3.9992490757475275e-13,6.080462355730548e-14,3.586339427732164e-13,6.74397128217162e-13,7.553062493605628e-13,0.5300896709884978,0.9705064106673403,0.13252241774712445
5.3598,4.986015126476072e-13,2.597253101087781e-13,-2.943373321496803e-13,2.288497732961449e-13,3.1409608855667896e-13,6.025923853088085e-13,0.9631255019537607,0.9153348654743465,0.24078137548844017
5.3619,4.328864739994227e-13,7.241029846100744e-14,4.023801515099522e-14,2.2513667435844478e-13,3.6544012097899767e-13,9.616694869679613e-13,1.9432459608095327,0.5842693711573115,0.6477486536031776
5.3639,8.384615579598386e-13,-4.597418795438579e-13,-1.5869026704236394e-13,3.577832081654522e-13,6.540880257315582e-13,8.058035584397105e-13,2.471994551311918,0.6496575255169522,0.6179986378279795
5.366,4.128310926260336e-13,2.6221695851975727e-13,-2.7067944583913884e-13,1.8903687563531216e-13,2.1957037231801667e-13,4.2934215244820177e-13,1.1774033949773801,0.8818048047556064,0.29435084874434503
5.368,7.423206303858594e-13,3.595591863584506e-13,-1.2555794185472742e-13,2.709566941847989e-13,5.383526781609585e-13,7.471528314819958e-13,0.9318101174944934,0.9199534394717344,0.23295252937362335
5.3697,1.173661571014936e-12,-2.238291128373816e-14,-7.024368320427653e-13,4.820704209071321e-13,7.184451908300989e-13,9.407080798470979e-13,0.8610474093739615,0.8348163058555325,0.28701580312465386
5.3748,1.6008250469333272e-12,7.021616412194217e-13,-9.79817113398878e-13,3.20476119122717e-13,6.492698444790677e-13,7.065276326007086e-13,1.6461327347703205,0.8004778102723229,0.41153318369258013
5.3801,1.9214828864649612e-12,1.263450164673925e-12,-9.823722756662048e-14,2.799287795354114e-13,5.239185325267772e-13,6.359585014136199e-13,2.0328495097960593,0.7297168221452723,0.5082123774490148
5.3829,2.144924776669083e-12,8.595248809845911e-13,6.787932717796946e-13,2.74245401839172e-13,5.678530855650996e-13,6.384520371996788e-13,2.199230976635321,0.6991700703262991,0.5498077441588303
5.3833,2.0054005471509596e-12,1.0902450617478318e-12,-1.207782735693233e-13,2.131536206172127e-13,4.183163251262597e-13,5.115768007014603e-13,6.3275066330217395,0.17598853828148459,1.5818766582554349
5.3839,2.311655633045887e-12,5.088764229734767e-13,8.282725242515024e-13,2.282125075794004e-13,4.752592007451362e-13,5.232324342941532e-13,7.910468189432804,0.09491346626474838,1.977617047358201
5.386,2.242907747608952e-12,1.198651553674239e-12,-7.776550761393982e-13,2.3432072387908507e-13,4.3832343384532876e-13,5.22561068519851e-13,2.6504938564589415,0.6179049171291833,0.6626234641147354
5.3899,2.1547287865256137e-12,8.30816320529505e-13,-3.101601925585815e-13,1.8582288184570674e-13,3.528579406495419e-13,4.340553137645207e-13,3.129062347226381,0.5364641774259722,0.7822655868065953
5.3931,2.0396222585376112e-12,7.613989337522946e-13,-4.788237216544481e-13,1.9370683255793727e-13,3.810571484692371e-13,4.3416979557917683e-13,5.222080244584679,0.2652601413803582,1.3055200611461697
5.4034,1.3042716246433032e-12,-1.3069883493748107e-14,2.827775797621999e-14,1.649645350518081e-13,3.114723487024198e-13,3.6651689911986626e-13,0.9081139477842783,0.9233938664334669,0.22702848694606959
5.4141,1.3366275517466506e-12,5.060634625428522e-13,1.4195310385887146e-13,1.7859519623955848e-13,3.56948420012286e-13,4.181235259931391e-13,4.594184566327555,0.33152524134801775,1.1485461415818887
5.4244,9.151278213668734e-13,-8.074802060286963e-14,3.463161463078653e-13,1.5325997728452912e-13,3.143536811971731e-13,3.675064429346628e-13,0.04226625970115587,0.9997798167020255,0.010566564925288967
5.4354,1.0301863761885862e-12,5.584444631951467e-13,1.1188242802462419e-13,1.5674994152116967e-13,2.73959963653664e-13,3.7658031061302606e-13,4.867000845895344,0.3012182630234962,1.216750211473836
5.4393,1.4509796832330275e-12,5.450741273748284e-13,-7.048342072595313e-13,1.9601106358650214e-13,3.6098112742488404e-13,4.301724912889174e-13,2.0487378045708726,0.7267949407387237,0.5121844511427182
